0,1
WatsDe00,Deshaun Watson
MahoPa00,Patrick Mahomes
BradTo00,Tom Brady
RyanMa00,Matt Ryan
AlleJo02,Josh Allen
HerbJu00,Justin Herbert
RodgAa00,Aaron Rodgers
CousKi00,Kirk Cousins
WilsRu00,Russell Wilson
RivePh00,Philip Rivers
CarrDe02,Derek Carr
StafMa00,Matthew Stafford
MurrKy00,Kyler Murray
GoffJa00,Jared Goff
TannRy00,Ryan Tannehill
RoetBe00,Ben Roethlisberger
BridTe00,Teddy Bridgewater
MayfBa00,Baker Mayfield
JoneDa05,Daniel Jones
BreeDr00,Drew Brees
LockDr00,Drew Lock
JackLa00,Lamar Jackson
BurrJo01,Joe Burrow
NewtCa00,Cam Newton
WentCa00,Carson Wentz
MullNi00,Nick Mullens
MinsGa00,Gardner Minshew II
DarnSa00,Sam Darnold
DaltAn00,Andy Dalton
FitzRy00,Ryan Fitzpatrick
TrubMi00,Mitchell Trubisky
PresDa01,Dak Prescott
FoleNi00,Nick Foles
TagoTu00,Tua Tagovailoa
SmitAl03,Alex Smith
HaskDw00,Dwayne Haskins
GaroJi00,Jimmy Garoppolo
GlenMi00,Mike Glennon
HurtJa00,Jalen Hurts
HillTa00,Taysom Hill
AlleBr00,Brandon Allen
FlacJo00,Joe Flacco
BeatC.00,C.J. Beathard
LutoJa00,Jake Luton
AlleKy00,Kyle Allen
DrisJe00,Jeff Driskel
McCoCo00,Colt McCoy
WalkPh00,P.J. Walker
RudoMa00,Mason Rudolph
RypiBr00,Brett Rypien
DaniCh00,Chase Daniel
StidJa00,Jarrett Stidham
HennCh01,Chad Henne
GilbGa01,Garrett Gilbert
WolfJo00,John Wolford
MariMa01,Marcus Mariota
DiNuBe00,Ben DiNucci
TaylTy00,Tyrod Taylor
BarkMa00,Matt Barkley
FinlRy00,Ryan Finley
GabbBl00,Blaine Gabbert
HeinTa00,Taylor Heinicke
HoyeBr00,Brian Hoyer
StreCh00,Chris Streveler
McSoTr00,Trace McSorley
WinsJa00,Jameis Winston
LandJa00,Jarvis Landry
BlouDa00,David Blough
KeenCa00,Case Keenum
CrowJa00,Jamison Crowder
MeyeJa01,Jakobi Meyers
GrifRo01,Robert Griffin III
GageRu00,Russell Gage
EdelJu00,Julian Edelman
SmitGe00,Geno Smith
BowdLy00,Lynn Bowden Jr.
SudfNa00,Nate Sudfeld
JoneZa00,Zay Jones
CharJo01,Joseph Charlton
ThomLo00,Logan Thomas
LeexAn20,Andy Lee
PeteNa00,Nathan Peterman
WilsCe01,Cedrick Wilson Jr.
BeasCo00,Cole Beasley
McCaA.00,A.J. McCarron
BeckOd00,Odell Beckham Jr.
BrayTy00,Tyler Bray
TateGo00,Golden Tate
BrisJa00,Jacoby Brissett
BoydTy00,Tyler Boyd
HuntTy01,Tyler Huntley
KochSa20,Sam Koch
WardGr02,Greg Ward
HintKe00,Kendall Hinton
JohnJa11,Jaquan Johnson
TownTo01,Tommy Townsend
McKeIs00,Isaiah McKenzie
WoodLo00,Logan Woodside
KelcTr00,Travis Kelce
SticEa00,Easton Stick
DobbJo00,Joshua Dobbs
AgneJa00,Jamal Agnew
AlleKe00,Keenan Allen
CobbRa00,Randall Cobb
DixoRi00,Riley Dixon
EricAl01,Alex Erickson
JoneCh02,Chris Jones
KernBr20,Brett Kern
MoorD.00,D.J. Moore
PascZa00,Zach Pascal
WatkSa00,Sammy Watkins
WrigIs01,Isaiah Wright
HenrDe00,Derrick Henry
CookDa01,Dalvin Cook
JacoJo01,Josh Jacobs
MontDa01,David Montgomery
ElliEz00,Ezekiel Elliott
RobiJa00,James Robinson
DrakKe00,Kenyan Drake
TaylJo02,Jonathan Taylor
GordMe00,Melvin Gordon
JoneAa00,Aaron Jones
HuntKa00,Kareem Hunt
GurlTo01,Todd Gurley
JoneRo01,Ronald Jones II
ChubNi00,Nick Chubb
GoreFr00,Frank Gore
KamaAl00,Alvin Kamara
EdwaCl00,Clyde Edwards-Helaire
GibsAn00,Antonio Gibson
ConnJa00,James Conner
DaviMi01,Mike Davis
SandMi01,Miles Sanders
JackLa00,Lamar Jackson
PeteAd01,Adrian Peterson
SingDe00,Devin Singletary
GallWa00,Wayne Gallman
JohnDa08,David Johnson
MurrLa00,Latavius Murray
AkerCa00,Cam Akers
EdwaGu00,Gus Edwards
GaskMy00,Myles Gaskin
CarsCh00,Chris Carson
HendDa00,Darrell Henderson
HarrDa06,Damien Harris
NewtCa00,Cam Newton
DobbJK00,J.K. Dobbins
MurrKy00,Kyler Murray
WilsJe01,Jeff Wilson
BernGi00,Giovani Bernard
MixoJo00,Joe Mixon
WillJa06,Jamaal Williams
LindPh00,Phillip Lindsay
EkelAu00,Austin Ekeler
SwifDA00,D'Andre Swift
MossZa00,Zack Moss
KellJo01,Joshua Kelley
SnelBe00,Benny Snell Jr.
MostRa00,Raheem Mostert
AlleJo02,Josh Allen
BrowMa03,Malcolm Brown
PollTo00,Tony Pollard
HillBr02,Brian Hill
EdmoCh00,Chase Edmonds
FourLe00,Leonard Fournette
MattAl01,Alexander Mattison
BarbPe01,Peyton Barber
BookDe00,Devontae Booker
BallKa00,Kalen Ballage
WatsDe00,Deshaun Watson
HineNy00,Nyheim Hines
HillTa00,Taysom Hill
McKiJ.00,J.D. McKissic
WilkJo01,Jordan Wilkins
WilsRu00,Russell Wilson
BellLe00,Le'Veon Bell
HydeCa00,Carlos Hyde
McKiJe00,Jerick McKinnon
ScotBo02,Boston Scott
MichSo00,Sony Michel
JohnDu00,Duke Johnson
AhmeSa01,Salvon Ahmed
IngrMa01,Mark Ingram
BurkRe00,Rex Burkhead
JoneDa05,Daniel Jones
PattCo00,Cordarrelle Patterson
PeriLa00,La'Mical Perine
HurtJa00,Jalen Hurts
PeriSa00,Samaje Perine
SmitIt00,Ito Smith
MahoPa00,Patrick Mahomes
BreiMa00,Matt Breida
JackJu01,Justin Jackson
McCaCh01,Christian McCaffrey
HerbJu00,Justin Herbert
MorrAl00,Alfred Morris
FreeDe00,Devonta Freeman
JohnTy02,Ty Johnson
MayfBa00,Baker Mayfield
BridTe00,Teddy Bridgewater
JohnKe06,Kerryon Johnson
WentCa00,Carson Wentz
GoffJa00,Jared Goff
McNiJe00,Jeremy McNichols
DillAJ00,AJ Dillon
LockDr00,Drew Lock
TannRy00,Ryan Tannehill
SamuCu00,Curtis Samuel
SmitRo08,Rodney Smith
CarrDe02,Derek Carr
HastJa02,Jamycal Hasty
WillDa10,Darrel Williams
RodgAa00,Aaron Rodgers
BurrJo01,Joe Burrow
DarnSa00,Sam Darnold
TagoTu00,Tua Tagovailoa
FreeRo00,Royce Freeman
HowaJo00,Jordan Howard
WhitJa02,James White
DallDe00,DeeJay Dallas
JohnDE04,D'Ernest Johnson
McFaAn00,Anthony McFarland Jr.
TrubMi00,Mitchell Trubisky
CousKi00,Kirk Cousins
OgunDa00,Dare Ogunbowale
WashDe00,DeAndre Washington
BradTo00,Tom Brady
FitzRy00,Ryan Fitzpatrick
AdamJo03,Josh Adams
LewiDi00,Dion Lewis
MinsGa00,Gardner Minshew II
RyanMa00,Matt Ryan
StafMa00,Matthew Stafford
ColeTe01,Tevin Coleman
DaltAn00,Andy Dalton
ThomDa06,Darwin Thompson
VaugKe00,Ke'Shawn Vaughn
WillTr06,Trayveon Williams
HomeTr00,Travis Homer
RoetBe00,Ben Roethlisberger
WoodRo02,Robert Woods
TaylJJ01,J.J. Taylor
ForeDO00,D'Onta Foreman
RichJa01,Jalen Richard
ClemCo00,Corey Clement
HaskDw00,Dwayne Haskins
BarkSa00,Saquon Barkley
MontTy01,Ty Montgomery
BreeDr00,Drew Brees
CollAl00,Alex Collins
PresDa01,Dak Prescott
RivePh00,Philip Rivers
ShenLa00,Laviska Shenault Jr.
BrisJa00,Jacoby Brissett
JuszKy00,Kyle Juszczyk
FoleNi00,Nick Foles
HoweGr00,Buddy Howell
PopeTr00,Troymaine Pope
CoheTa00,Tarik Cohen
EvanDa02,Darrynton Evans
AlleBr00,Brandon Allen
BoylTi00,Tim Boyle
ErviTy00,Tyler Ervin
HillTy00,Tyreek Hill
LairPa00,Patrick Laird
BonnRe00,Reggie Bonnafon
GrifRo01,Robert Griffin III
HillJu00,Justice Hill
WillAn03,Antonio Williams
BoonMi00,Mike Boone
FinlRy00,Ryan Finley
PennRa00,Rashaad Penny
CannTr00,Trenton Cannon
ClayCh01,Chase Claypool
GaroJi00,Jimmy Garoppolo
HuntTy01,Tyler Huntley
LambCe00,CeeDee Lamb
McCoLe01,LeSean McCoy
McKeIs00,Isaiah McKenzie
ProsC.00,C.J. Prosise
SmitAl03,Alex Smith
YeldT.00,T.J. Yeldon
BowdLy00,Lynn Bowden Jr.
GabbBl00,Blaine Gabbert
HamlKJ00,KJ Hamler
HillDo00,Dontrell Hilliard
MariMa01,Marcus Mariota
McCoCo00,Colt McCoy
MullNi00,Nick Mullens
RuggHe00,Henry Ruggs III
SamuJa00,Jaylen Samuels
AbduAm00,Ameer Abdullah
MoorDa03,David Moore
SamuDe00,Deebo Samuel
WashDw00,Dwayne Washington
WinsJa00,Jameis Winston
AlleKy00,Kyle Allen
BurtMi00,Michael Burton
DowdRi01,Rico Dowdle
HennCh01,Chad Henne
RudoMa00,Mason Rudolph
StidJa00,Jarrett Stidham
ThomCh03,Chris Thompson
WoodLo00,Logan Woodside
AgneJa00,Jamal Agnew
AiyuBr00,Brandon Aiyuk
ArmaAl00,Alex Armah
BarkMa00,Matt Barkley
BeatC.00,C.J. Beathard
CoopAm00,Amari Cooper
DiNuBe00,Ben DiNucci
DrisJe00,Jeff Driskel
EngrEv00,Evan Engram
FlacJo00,Joe Flacco
GlenMi00,Mike Glennon
HarrDe09,DeMichael Harris
HarrDe07,Deonte Harty
PennEl00,Elijhaa Penny
PierAr00,Artavis Pierce
RiddTh00,Theo Riddick
ScarBo01,Bo Scarbrough
ShepSt00,Sterling Shepard
TaylTy00,Tyrod Taylor
WolfJo00,John Wolford
BoydTy00,Tyler Boyd
EricAl01,Alex Erickson
HamxC.00,C.J. Ham
HiggTe00,Tee Higgins
HuntJa01,Jason Huntley
McSoTr00,Trace McSorley
OlszGu00,Gunner Olszewski
ReedJo03,Joe Reed
RidlCa00,Calvin Ridley
RypiBr00,Brett Rypien
WalkPh00,P.J. Walker
AndeRo04,Chosen Anderson
BatsCa00,Cameron Batson
BellLe02,LeVante Bellamy
DuveDe00,Devin Duvernay
HardMe00,Mecole Hardman
KuppCo00,Cooper Kupp
LandJa00,Jarvis Landry
MackMa00,Marlon Mack
McClRa00,Ray-Ray McCloud
MoonDa00,Darnell Mooney
ReagJa00,Jalen Reagor
SmitKe03,Keith Smith
StevTo01,Tommy Stevens
StreCh00,Chris Streveler
ValdMa00,Marquez Valdes-Scantling
BeckOd00,Odell Beckham Jr.
BerrBr00,Braxton Berrios
BrooTo01,Tony Brooks-James
GilbGa01,Garrett Gilbert
GranJa00,Jakeem Grant
HeinTa00,Taylor Heinicke
IngoAl01,Alec Ingold
JohnDi01,Diontae Johnson
JohnTy03,Tyron Johnson
JoneTo04,Tony Jones
LoveJo02,John Lovett
MillSc01,Scott Miller
NallRy00,Ryan Nall
PerrMa00,Malcolm Perry
PittMi01,Michael Pittman Jr.
SchaMa00,Matt Schaub
SherAn00,Anthony Sherman
SpenDi00,Diontae Spencer
ThieAd00,Adam Thielen
ThomLo00,Logan Thomas
WilsCe01,Cedrick Wilson Jr.
WrigIs01,Isaiah Wright
BrowAn04,Antonio Brown
BurtTr01,Trey Burton
ByrdDa00,Damiere Byrd
CampPa00,Parris Campbell
ChinJe00,Jeremy Chinn
DaniCh00,Chase Daniel
DobbJo00,Joshua Dobbs
DuliAs00,Ashton Dulin
EdelJu00,Julian Edelman
FejeCl00,Clayton Fejedelem
FostD.01,D.J. Foster
GageRu00,Russell Gage
GuytJa01,Jalen Guyton
HarrNK00,N'Keal Harry
HartMy00,Myles Hartsfield
HintKe00,Kendall Hinton
JanoAn00,Andy Janovich
KirkCh01,Christian Kirk
KittGe00,George Kittle
LazaAl00,Allen Lazard
LewiTo00,Tommylee Lewis
McLaTe00,Terry McLaurin
MeyeJa01,Jakobi Meyers
MillAn02,Anthony Miller
MoorD.00,D.J. Moore
NabeGa00,Gabe Nabers
PerrSe00,Senorise Perry
PhilSc01,Scottie Phillips
PoweBr00,Brandon Powell
SlayDa01,Darius Slayton
SmitGe00,Geno Smith
SmitJo01,Jonnu Smith
SudfNa00,Nate Sudfeld
WardGr02,Greg Ward
WillDe07,Dexter Williams
WillSh02,Shawn Williams
ZubeIs00,Isaiah Zuber
AkinJo00,Jordan Akins
AlleKe00,Keenan Allen
AmenDa00,Danny Amendola
BellBl00,Blake Bell
BellNi01,Nick Bellore
BlouDa00,David Blough
BoarC.00,C.J. Board
BrowMa04,Marquise Brown
BrowNo00,Noah Brown
CabiJa00,Jason Cabinda
ColeAJ01,AJ Cole III
ColeKe00,Keelan Cole
CrowJa00,Jamison Crowder
DaviGa01,Gabriel Davis
DiggSt00,Stefon Diggs
EverGe00,Gerald Everett
FullWi01,Will Fuller
GandAn00,Antonio Gandy-Golden
GillJa00,Jamie Gillan
GodwTe00,Terry Godwin
HallMa02,Marvin Hall
HartPe01,Penny Hart
HeatJe00,Jeff Heath
HigbTy00,Tyler Higbee
HighJo00,John Hightower
HockTJ00,T.J. Hockenson
HookAm00,Amani Hooker
HopkDe00,DeAndre Hopkins
HoyeBr00,Brian Hoyer
IsabAn00,Andy Isabella
JackDe00,DeSean Jackson
JeffJu00,Justin Jefferson
JeffVa00,Van Jefferson
JoneCh02,Chris Jones
KillAd00,Adrian Killins
KmetCo00,Cole Kmet
LongTy00,Ty Long
LutoJa00,Jake Luton
MaloJo00,Josh Malone
MartSa01,Sam Martin
MingBa00,Barkevious Mingo
MoncDo00,Donte Moncrief
MoorCJ01,C.J. Moore
NatsJo00,Jojo Natson
NeasSh00,Sharrod Neasman
OlliQa00,Qadree Ollison
OzigDe01,Devine Ozigbo
PerrBr02,Breshad Perriman
PeteNa00,Nathan Peterman
RaymKa00,Kalif Raymond
ReynCr00,Craig Reynolds
ReynJo00,Josh Reynolds
RicaPa00,Patrick Ricard
RobeAn00,Andre Roberts
RobiAl02,Allen Robinson
SandEm00,Emmanuel Sanders
SanuMo00,Mohamed Sanu
SimsCa00,Cam Sims
SimsSt00,Steven Sims
SkurMa01,Matt Skura
SmitTr03,Tre'Quan Smith
St.BEq00,Equanimeous St. Brown
SticEa00,Easton Stick
TaylMa01,Malik Taylor
ThomMi05,Michael Thomas
ThomMi04,Mike Thomas
ThomDa05,Darian Thompson
WaltAu00,Austin Walter
WatkSa00,Sammy Watkins
WescTr00,Trevon Wesco
WillJo07,Jonathan Williams
WillMi07,Mike Williams
WimsJa00,Javon Wims
ZaccOl01,Olamide Zaccheaus
ZylsBr00,Brandon Zylstra
DiggSt00,Stefon Diggs
AdamDa01,Davante Adams
HopkDe00,DeAndre Hopkins
WallDa01,Darren Waller
KelcTr00,Travis Kelce
RobiAl02,Allen Robinson
AlleKe00,Keenan Allen
LockTy00,Tyler Lockett
SmitJu00,JuJu Smith-Schuster
AndeRo04,Chosen Anderson
CoopAm00,Amari Cooper
KuppCo00,Cooper Kupp
RidlCa00,Calvin Ridley
WoodRo02,Robert Woods
JeffJu00,Justin Jefferson
JohnDi01,Diontae Johnson
HillTy00,Tyreek Hill
McLaTe00,Terry McLaurin
KamaAl00,Alvin Kamara
MetcDK00,D.K. Metcalf
BeasCo00,Cole Beasley
CookBr00,Brandin Cooks
McKiJ.00,J.D. McKissic
BoydTy00,Tyler Boyd
SamuCu00,Curtis Samuel
JoneMa02,Marvin Jones
LambCe00,CeeDee Lamb
ThieAd00,Adam Thielen
GageRu00,Russell Gage
LandJa00,Jarvis Landry
ThomLo00,Logan Thomas
BrowAJ00,A.J. Brown
EvanMi00,Mike Evans
HiggTe00,Tee Higgins
HockTJ00,T.J. Hockenson
MoorD.00,D.J. Moore
ShepSt00,Sterling Shepard
DaviCo03,Corey Davis
GodwCh00,Chris Godwin
EngrEv00,Evan Engram
HineNy00,Nyheim Hines
ParkDe01,DeVante Parker
SchuDa00,Dalton Schultz
ClayCh01,Chase Claypool
FantNo00,Noah Fant
MoonDa00,Darnell Mooney
SandEm00,Emmanuel Sanders
AiyuBr00,Brandon Aiyuk
HenrHu00,Hunter Henry
CrowJa00,Jamison Crowder
DaviMi01,Mike Davis
GallMi00,Michael Gallup
MeyeJa01,Jakobi Meyers
AndrMa00,Mark Andrews
BrowMa04,Marquise Brown
ShenLa00,Laviska Shenault Jr.
EbroEr00,Eric Ebron
HiltT.00,T.Y. Hilton
HursHa00,Hayden Hurst
RenfHu00,Hunter Renfrow
ColeKe00,Keelan Cole
EkelAu00,Austin Ekeler
FitzLa00,Larry Fitzgerald
MontDa01,David Montgomery
CharDJ00,DJ Chark
EdmoCh00,Chase Edmonds
FullWi01,Will Fuller
GesiMi00,Mike Gesicki
WardGr02,Greg Ward
ElliEz00,Ezekiel Elliott
JeudJe00,Jerry Jeudy
ReynJo00,Josh Reynolds
TonyRo00,Robert Tonyan
JoneJu02,Julio Jones
PatrTi00,Tim Patrick
GrahJi00,Jimmy Graham
SlayDa01,Darius Slayton
BourKe00,Kendrick Bourne
MillAn02,Anthony Miller
RobiJa00,James Robinson
WhitJa02,James White
AghoNe00,Nelson Agholor
KirkCh01,Christian Kirk
KittGe00,George Kittle
WillMi07,Mike Williams
BernGi00,Giovani Bernard
ByrdDa00,Damiere Byrd
GreeA.00,A.J. Green
JoneAa00,Aaron Jones
AmenDa00,Danny Amendola
GoedDa00,Dallas Goedert
HoopAu00,Austin Hooper
SwifDA00,D'Andre Swift
BrowAn04,Antonio Brown
GronRo00,Rob Gronkowski
RobiDe01,Demarcus Robinson
CookDa01,Dalvin Cook
HigbTy00,Tyler Higbee
PascZa00,Zach Pascal
EverGe00,Gerald Everett
GaskMy00,Myles Gaskin
HardMe00,Mecole Hardman
SmitJo01,Jonnu Smith
ConlCh00,Chris Conley
PittMi01,Michael Pittman Jr.
SampDr00,Drew Sample
ThomMi05,Michael Thomas
FirkAn00,Anthony Firkser
CobbRa00,Randall Cobb
FulgTr00,Travis Fulgham
HuntKa00,Kareem Hunt
SingDe00,Devin Singletary
AkinJo00,Jordan Akins
BerrBr00,Braxton Berrios
CarsCh00,Chris Carson
CookJa02,Jared Cook
HiggRa00,Rashard Higgins
WatkSa00,Sammy Watkins
EdwaCl00,Clyde Edwards-Helaire
EifeTy00,Tyler Eifert
ErtzZa00,Zach Ertz
FourLe00,Leonard Fournette
GibsAn00,Antonio Gibson
GranJa00,Jakeem Grant
TaylJo02,Jonathan Taylor
ConnJa00,James Conner
DaviGa01,Gabriel Davis
MoorDa03,David Moore
TateGo00,Golden Tate
SmitTr03,Tre'Quan Smith
BrowJo02,John Brown
CoutKe00,Keke Coutee
HarrNK00,N'Keal Harry
JacoJo01,Josh Jacobs
JohnDa08,David Johnson
LazaAl00,Allen Lazard
McKiJe00,Jerick McKinnon
MillSc01,Scott Miller
SamuDe00,Deebo Samuel
SneaWi00,Willie Snead
ValdMa00,Marquez Valdes-Scantling
GordMe00,Melvin Gordon
SimsCa00,Cam Sims
AlieMo00,Mo Alie-Cox
ArnoDa00,Dan Arnold
HernCh00,Chris Herndon
ReagJa00,Jalen Reagor
WillJa06,Jamaal Williams
HamlKJ00,KJ Hamler
McKeIs00,Isaiah McKenzie
PerrBr02,Breshad Perriman
SmitIr01,Irv Smith Jr.
WashJa00,James Washington
BallKa00,Kalen Ballage
BowdLy00,Lynn Bowden Jr.
BratCa00,Cameron Brate
BurtTr01,Trey Burton
FordIs00,Isaiah Ford
GuytJa01,Jalen Guyton
JohnDu00,Duke Johnson
JoneRo01,Ronald Jones II
KmetCo00,Cole Kmet
O'ShJa00,James O'Shaughnessy
PollTo00,Tony Pollard
RudoKy00,Kyle Rudolph
SandMi01,Miles Sanders
SimsSt00,Steven Sims
WrigIs01,Isaiah Wright
ReedJo02,Jordan Reed
RuggHe00,Henry Ruggs III
SmytDu00,Durham Smythe
BurkRe00,Rex Burkhead
DrakKe00,Kenyan Drake
GurlTo01,Todd Gurley
HillBr02,Brian Hill
HollJa03,Jacob Hollister
ScotBo02,Boston Scott
BryaHa00,Harrison Bryant
DissWi00,Will Dissly
KnoxDa00,Dawson Knox
OlseGr00,Greg Olsen
RodgRi00,Richard Rodgers
BeckOd00,Odell Beckham Jr.
BrowMa03,Malcolm Brown
DoylJa00,Jack Doyle
HamiDa01,DaeSean Hamilton
HumpAd00,Adam Humphries
JameRi00,Richie James
KellJo01,Joshua Kelley
MimsDe00,Denzel Mims
MurrLa00,Latavius Murray
CallMa01,Marquez Callaway
EdelJu00,Julian Edelman
FellDa01,Darren Fells
GallWa00,Wayne Gallman
IsabAn00,Andy Isabella
MixoJo00,Joe Mixon
PattCo00,Cordarrelle Patterson
BeebCh00,Chad Beebe
CephQu00,Quintez Cephus
DuveDe00,Devin Duvernay
GollKe00,Kenny Golladay
HarrDe07,Deonte Harty
JohnTy03,Tyron Johnson
McClRa00,Ray-Ray McCloud
ThomIa00,Ian Thomas
ThomCh03,Chris Thompson
ZaccOl01,Olamide Zaccheaus
BoykMi00,Miles Boykin
ConkTy00,Tyler Conklin
DwelRo00,Ross Dwelley
HenrDe00,Derrick Henry
JackJu01,Justin Jackson
JeffVa00,Van Jefferson
JohnKe06,Kerryon Johnson
JuszKy00,Kyle Juszczyk
LewiDi00,Dion Lewis
NjokDa00,David Njoku
RichJa01,Jalen Richard
DobbJK00,J.K. Dobbins
HallMa02,Marvin Hall
InmaDo00,Dontrelle Inman
JohnCo01,Collin Johnson
SmitKa00,Kaden Smith
WillDa10,Darrel Williams
WillPr01,Preston Williams
BookDe00,Devontae Booker
DallDe00,DeeJay Dallas
HansCh00,Chad Hansen
McCaCh01,Christian McCaffrey
SanuMo00,Mohamed Sanu
SmitIt00,Ito Smith
SmitJe03,Jeff Smith
WilsCe01,Cedrick Wilson Jr.
BellLe00,Le'Veon Bell
ChubNi00,Nick Chubb
GoreFr00,Frank Gore
HendDa00,Darrell Henderson
HollMa00,Mack Hollins
HydeCa00,Carlos Hyde
JohnTy02,Ty Johnson
MostRa00,Raheem Mostert
JohnKe07,KeeSean Johnson
McCoLe01,LeSean McCoy
McDoVa00,Vance McDonald
TrauAd00,Adam Trautman
BoylNi00,Nick Boyle
BrowNo00,Noah Brown
BrowPh01,Pharaoh Brown
HogaCh00,Chris Hogan
JackDe00,DeSean Jackson
JameJe00,Jesse James
JohnMa07,Marcus Johnson
JohnOl00,Olabisi Johnson
JoneZa00,Zay Jones
MossZa00,Zack Moss
PeopDo00,Donovan Peoples-Jones
TateAu00,Auden Tate
VannNi00,Nick Vannett
AgneJa00,Jamal Agnew
BlakCh00,Christian Blake
IzzoRy00,Ryan Izzo
MattAl01,Alexander Mattison
PrinBy00,Byron Pringle
SwaiFr00,Freddie Swain
ThomMi04,Mike Thomas
WilsJe01,Jeff Wilson
WittJa00,Jason Witten
BatsCa00,Cameron Batson
EricAl01,Alex Erickson
FreeRo00,Royce Freeman
IngoAl01,Alec Ingold
JohnTy00,Tyler Johnson
KrofTy00,Tyler Kroft
McNiJe00,Jeremy McNichols
PeteAd01,Adrian Peterson
PoweBr00,Brandon Powell
ShahAd00,Adam Shaheen
SterJa00,Jace Sternberger
WilkJo01,Jordan Wilkins
AhmeSa01,Salvon Ahmed
AkerCa00,Cam Akers
BellBl00,Blake Bell
BoarC.00,C.J. Board
EdwaBr01,Bryan Edwards
ErviTy00,Tyler Ervin
HodgKh00,KhaDarel Hodge
HowaO.00,O.J. Howard
OkwuAl00,Albert Okwuegbunam
PeriLa00,La'Mical Perine
PeriSa00,Samaje Perine
SmitKe03,Keith Smith
StilKe00,Kenny Stills
HarrDe09,DeMichael Harris
HighJo00,John Hightower
LairPa00,Patrick Laird
LewiMa00,Marcedes Lewis
OgunDa00,Dare Ogunbowale
ParhDo00,Donald Parham
SnelBe00,Benny Snell Jr.
TaylTr02,Trent Taylor
BreiMa00,Matt Breida
EdwaGu00,Gus Edwards
GrifRy00,Ryan Griffin
HomeTr00,Travis Homer
OzigDe01,Devine Ozigbo
PerrMa00,Malcolm Perry
RaymKa00,Kalif Raymond
RicaPa00,Patrick Ricard
SamuJa00,Jaylen Samuels
SmitRo08,Rodney Smith
SwaiGe00,Geoff Swaim
AbduAm00,Ameer Abdullah
AndeSt01,Stephen Anderson
DaniDa02,Darrell Daniels
FumaTr00,Troy Fumagalli
HamxC.00,C.J. Ham
HillJo02,Josh Hill
HillTa00,Taysom Hill
JohnJa12,Jakob Johnson
NallRy00,Ryan Nall
PopeTr00,Troymaine Pope
UzomC.00,C.J. Uzomah
WillMa04,Maxx Williams
FreeDe00,Devonta Freeman
HarrDe03,Demetrius Harris
HastJa02,Jamycal Hasty
HillKJ00,K.J. Hill
LindPh00,Phillip Lindsay
MackAu01,Austin Mack
MichSo00,Sony Michel
MickJa01,Jaydon Mickens
MoreFo00,Foster Moreau
St.BEq00,Equanimeous St. Brown
StocLu00,Luke Stocker
ThomDa06,Darwin Thompson
WatkQu00,Quez Watkins
WatsJu01,Justin Watson
YeldDe00,Deon Yelder
AdamJo03,Josh Adams
BarkSa00,Saquon Barkley
BryaDe01,Dez Bryant
CampPa00,Parris Campbell
ClevTy00,Tyrie Cleveland
CoheTa00,Tarik Cohen
CracRi00,River Cracraft
IngrMa01,Mark Ingram
JeffAl00,Alshon Jeffery
KeizNi00,Nick Keizer
ManhCh00,Chris Manhertz
McFaAn00,Anthony McFarland Jr.
TreaLa00,Laquon Treadwell
WimsJa00,Javon Wims
ArmaAl00,Alex Armah
AustTa00,Tavon Austin
BradJa01,Ja'Marcus Bradley
CartCe00,Cethan Carter
ClemCo00,Corey Clement
CoopPh00,Pharoh Cooper
HarrDa06,Damien Harris
HillJu00,Justice Hill
MitcSt02,Steven Mitchell
NabeGa00,Gabe Nabers
OlszGu00,Gunner Olszewski
ProsC.00,C.J. Prosise
PruiMy00,MyCole Pruitt
RiddTh00,Theo Riddick
ShepDa00,Darrius Shepherd
SherTr00,Trent Sherfield
TaylMa01,Malik Taylor
ToilLe00,Levine Toilolo
VaugKe00,Ke'Shawn Vaughn
WashDe00,DeAndre Washington
WillTr06,Trayveon Williams
ArceJJ00,JJ Arcega-Whiteside
BarbPe01,Peyton Barber
BlasKh00,Khari Blasingame
BurtMi00,Michael Burton
ColeTe01,Tevin Coleman
JohnJu02,Juwan Johnson
MaloJo00,Josh Malone
MundJo00,Johnny Mundt
PettDa00,Dante Pettis
RatlDa00,Damion Ratley
RidlRi00,Riley Ridley
RobeAn00,Andre Roberts
RobeSe00,Seth Roberts
SmitLe00,Lee Smith
WillJo07,Jonathan Williams
BurnDe00,Deontay Burnett
CannTr00,Trenton Cannon
CarrAu00,Austin Carr
DuliAs00,Ashton Dulin
GinnTe00,Ted Ginn Jr.
GodwTe00,Terry Godwin
GrahJa01,Jaeden Graham
GreeVi00,Virgil Green
HudsTa00,Tanner Hudson
HumpLi01,Lil'Jordan Humphrey
JohnDE04,D'Ernest Johnson
KeenDa00,Dalton Keene
MackMa00,Marlon Mack
MontTy01,Ty Montgomery
MorrAl00,Alfred Morris
SaubEr00,Eric Saubert
SpenDi00,Diontae Spencer
SuttCo00,Courtland Sutton
WarrKa00,Kahale Warring
WestNi00,Nick Westbrook-Ikhine
WoerCh00,Charlie Woerner
ZylsBr00,Brandon Zylstra
AsiaDe00,Devin Asiasi
BonnRe00,Reggie Bonnafon
BoonMi00,Mike Boone
BrowDa04,Daniel Brown
ButtJa00,Jake Butt
CabiJa00,Jason Cabinda
CageLa01,Lawrence Cager
CallAn00,Antonio Callaway
CoxxCh01,Chandler Cox
DafnDo00,Dominique Dafney
DillAJ00,AJ Dillon
EvanDa02,Darrynton Evans
FostRo01,Robert Foster
FounDa00,Daurice Fountain
FowlBe00,Bennie Fowler
GillRe00,Reggie Gilliam
JanoAn00,Andy Janovich
MillLa01,Lamar Miller
NewtCa00,Cam Newton
ParkCo02,Colby Parkinson
PennEl00,Elijhaa Penny
RossJo00,John Ross
ZubeIs00,Isaiah Zuber
AlleJo02,Josh Allen
BaugMa02,Marcus Baugh
BellLe02,LeVante Bellamy
BellNi01,Nick Bellore
BryaHu02,Hunter Bryant
CarlSt00,Stephen Carlson
CarrDe00,Derek Carrier
CartDe02,DeAndre Carter
CollAl00,Alex Collins
CrooJa00,Jason Croom
DaltAn00,Andy Dalton
DeguJo00,Josiah Deguara
DietGe00,Gehrig Dieter
DillBr00,Brandon Dillon
ElleBe00,Ben Ellefson
FishEr00,Eric Fisher
FitzRy00,Ryan Fitzpatrick
ForeDO00,D'Onta Foreman
FostD.01,D.J. Foster
GandAn00,Antonio Gandy-Golden
GillCu00,Cullen Gillaspia
HartPe01,Penny Hart
HemiTe00,Temarrick Hemingway
HillDo00,Dontrell Hilliard
HollCo00,Cody Hollister
HowaJo00,Jordan Howard
HoweGr00,Buddy Howell
HuntJa01,Jason Huntley
HurtJa00,Jalen Hurts
IrwiTr00,Trenton Irwin
JarwBl00,Blake Jarwin
KempMa00,Marcus Kemp
KillAd00,Adrian Killins
KirkKe00,Keith Kirkwood
KumeJa00,Jake Kumerow
LammKe00,Kendall Lamm
LewiTo00,Tommylee Lewis
MassBo00,Bobby Massie
MayfBa00,Baker Mayfield
MillBr02,Bruce Miller
MinsGa00,Gardner Minshew II
MoncDo00,Donte Moncrief
NautIs00,Isaac Nauta
NealSi00,Siran Neal
PhilSc01,Scottie Phillips
PresDa01,Dak Prescott
ProcJa00,James Proche
ReynCr00,Craig Reynolds
RodgAa00,Aaron Rodgers
ScotJa02,Jaleel Scott
SherAn00,Anthony Sherman
SmitVy00,Vyncint Smith
SpriJe00,Jeremy Sprinkle
TannRy00,Ryan Tannehill
TaylJJ01,J.J. Taylor
ThomJo05,Jordan Thomas
ThomCo03,Colin Thompson
TurnZe00,Zeke Turner
WaltAu00,Austin Walter
WardJo00,Jonathan Ward
WescTr00,Trevon Wesco
WestDe00,Dede Westbrook
WillAn03,Antonio Williams
WillLu00,Luke Willson
YeldT.00,T.J. Yeldon
AlleBr00,Brandon Allen
AuclAn00,Antony Auclair
BadeJe00,Jeff Badet
BarnKe00,Kenjon Barner
BrewAa01,Aaron Brewer
ButlHa00,Hakeem Butler
DaviTy02,Tyler Davis
DevaSe00,Seth Devalve
GaffRi00,Rico Gafford
GateNi00,Nick Gates
GoodC.00,C.J. Goodwin
GrayCy01,Cyril Grayson
HawkJe00,Jerald Hawkins
HoltJ.01,J.P. Holtz
JoneTa00,Taiwan Jones
MahoPa00,Patrick Mahomes
RadeKe00,Kevin Rader
ReedJo03,Joe Reed
SchrMa00,Mason Schreck
SealRi00,Ricky Seals-Jones
SharTa00,Tajae Sharpe
StafMa00,Matthew Stafford
TaylTa00,Taywan Taylor
TogiNo00,Noah Togiai
TomlEr01,Eric Tomlinson
WalkPh00,P.J. Walker
BradTo00,Tom Brady
HerbJu00,Justin Herbert
StafMa00,Matthew Stafford
MahoPa00,Patrick Mahomes
CarrDe02,Derek Carr
BurrJo01,Joe Burrow
PresDa01,Dak Prescott
AlleJo02,Josh Allen
CousKi00,Kirk Cousins
RodgAa00,Aaron Rodgers
RyanMa00,Matt Ryan
GaroJi00,Jimmy Garoppolo
JoneMa05,Mac Jones
MurrKy00,Kyler Murray
RoetBe00,Ben Roethlisberger
TannRy00,Ryan Tannehill
LawrTr00,Trevor Lawrence
WentCa00,Carson Wentz
HeinTa00,Taylor Heinicke
GoffJa00,Jared Goff
HurtJa00,Jalen Hurts
WilsRu00,Russell Wilson
BridTe00,Teddy Bridgewater
MayfBa00,Baker Mayfield
JackLa00,Lamar Jackson
MillDa02,Davis Mills
TagoTu00,Tua Tagovailoa
DarnSa00,Sam Darnold
JoneDa05,Daniel Jones
WilsZa00,Zach Wilson
FielJu00,Justin Fields
DaltAn00,Andy Dalton
BrisJa00,Jacoby Brissett
WinsJa00,Jameis Winston
SiemTr00,Trevor Siemian
HuntTy01,Tyler Huntley
HillTa00,Taysom Hill
TaylTy00,Tyrod Taylor
WhitMi01,Mike White
GlenMi00,Mike Glennon
LockDr00,Drew Lock
McCoCo00,Colt McCoy
SmitGe00,Geno Smith
NewtCa00,Cam Newton
JohnJo05,Josh Johnson
LancTr00,Trey Lance
BoylTi00,Tim Boyle
KeenCa00,Case Keenum
MinsGa00,Gardner Minshew II
RushCo00,Cooper Rush
LoveJo03,Jordan Love
WalkPh00,P.J. Walker
FlacJo00,Joe Flacco
RudoMa00,Mason Rudolph
FoleNi00,Nick Foles
HoyeBr00,Brian Hoyer
FromJa00,Jake Fromm
GilbGa01,Garrett Gilbert
MannSe00,Sean Mannion
AlleBr00,Brandon Allen
MullNi00,Nick Mullens
BookIa00,Ian Book
AlleKy00,Kyle Allen
WilsCe01,Cedrick Wilson Jr.
HennCh01,Chad Henne
KennTo01,Tom Kennedy
GabbBl00,Blaine Gabbert
BoydTy00,Tyler Boyd
MeyeJa01,Jakobi Meyers
TrubMi00,Mitchell Trubisky
FoxxJa01,Jack Fox
StreCh00,Chris Streveler
JeffJu00,Justin Jefferson
BeatC.00,C.J. Beathard
KirkCh01,Christian Kirk
BourKe00,Kendrick Bourne
EasoJa00,Jacob Eason
SamuDe00,Deebo Samuel
BanjCh00,Chris Banjo
RoseJo01,Josh Rosen
ToneKa00,Kadarius Toney
PettDa00,Dante Pettis
SuttCo00,Courtland Sutton
TownTo01,Tommy Townsend
FitzRy00,Ryan Fitzpatrick
FarlMa00,Matthias Farley
HenrDe00,Derrick Henry
MondKe00,Kellen Mond
WolfJo00,John Wolford
ElliEz00,Ezekiel Elliott
MariMa01,Marcus Mariota
HekkJo00,Johnny Hekker
WardGr02,Greg Ward
HintKe00,Kendall Hinton
AlleKe00,Keenan Allen
AmenDa00,Danny Amendola
BeasCo00,Cole Beasley
BoswCh00,Chris Boswell
BrowAJ00,A.J. Brown
BurkRe00,Rex Burkhead
ColeKe00,Keelan Cole
DixoRi00,Riley Dixon
FourLe00,Leonard Fournette
FranFe00,Feleipe Franks
GesiMi00,Mike Gesicki
GillBl00,Blake Gillikin
KochSa20,Sam Koch
KuppCo00,Cooper Kupp
LongTy00,Ty Long
MontDa01,David Montgomery
PattCo00,Cordarrelle Patterson
RypiBr00,Brett Rypien
SwifDA00,D'Andre Swift
WilsAl02,Albert Wilson
ZylsBr00,Brandon Zylstra
TaylJo02,Jonathan Taylor
HarrNa00,Najee Harris
MixoJo00,Joe Mixon
GibsAn00,Antonio Gibson
CookDa01,Dalvin Cook
KamaAl00,Alvin Kamara
ElliEz00,Ezekiel Elliott
ChubNi00,Nick Chubb
MontDa01,David Montgomery
HenrDe00,Derrick Henry
JacoJo01,Josh Jacobs
MichSo00,Sony Michel
MitcEl00,Elijah Mitchell
EkelAu00,Austin Ekeler
GordMe00,Melvin Gordon
WillJa10,Javonte Williams
ConnJa00,James Conner
HarrDa06,Damien Harris
SingDe00,Devin Singletary
DillAJ00,AJ Dillon
FourLe00,Leonard Fournette
GaskMy00,Myles Gaskin
HubbCh01,Chuba Hubbard
JoneAa00,Aaron Jones
RobiJa00,James Robinson
BarkSa00,Saquon Barkley
IngrMa01,Mark Ingram
PattCo00,Cordarrelle Patterson
WillJa06,Jamaal Williams
SwifDA00,D'Andre Swift
HendDa00,Darrell Henderson
CartMi03,Michael Carter
BookDe00,Devontae Booker
WillDa10,Darrel Williams
HurtJa00,Jalen Hurts
DaviMi01,Mike Davis
SandMi01,Miles Sanders
MattAl01,Alexander Mattison
ForeDO00,D'Onta Foreman
FreeDe00,Devonta Freeman
JackLa00,Lamar Jackson
StevRh00,Rhamondre Stevenson
PollTo00,Tony Pollard
AlleJo02,Josh Allen
BurkRe00,Rex Burkhead
EdwaCl00,Clyde Edwards-Helaire
MurrLa00,Latavius Murray
PennRa00,Rashaad Penny
EdmoCh00,Chase Edmonds
CollAl00,Alex Collins
HerbKh00,Khalil Herbert
JoneRo01,Ronald Jones II
JohnDE04,D'Ernest Johnson
McCaCh01,Christian McCaffrey
MossZa00,Zack Moss
LindPh00,Phillip Lindsay
MurrKy00,Kyler Murray
ScotBo02,Boston Scott
HowaJo00,Jordan Howard
ColeTe01,Tevin Coleman
WilsJe01,Jeff Wilson
HuntKa00,Kareem Hunt
LawrTr00,Trevor Lawrence
FielJu00,Justin Fields
HydeCa00,Carlos Hyde
JohnDu00,Duke Johnson
HillTa00,Taysom Hill
GainKe00,Kenneth Gainwell
JackJu01,Justin Jackson
PattJa01,Jaret Patterson
JohnDa08,David Johnson
MahoPa00,Patrick Mahomes
DrakKe00,Kenyan Drake
HerbJu00,Justin Herbert
JoneDa05,Daniel Jones
JohnTy02,Ty Johnson
HeinTa00,Taylor Heinicke
SamuDe00,Deebo Samuel
WentCa00,Carson Wentz
FreeRo00,Royce Freeman
HillDo00,Dontrell Hilliard
HineNy00,Nyheim Hines
BarbPe01,Peyton Barber
PeriSa00,Samaje Perine
ReynCr00,Craig Reynolds
TannRy00,Ryan Tannehill
AhmeSa01,Salvon Ahmed
CarsCh00,Chris Carson
JoneTo04,Tony Jones
AbduAm00,Ameer Abdullah
GoreDe00,Derrick Gore
DarnSa00,Sam Darnold
McKiJ.00,J.D. McKissic
PresDa01,Dak Prescott
HuntTy01,Tyler Huntley
NewtCa00,Cam Newton
BoldBr00,Brandon Bolden
JoneMa05,Mac Jones
OgunDa00,Dare Ogunbowale
WilsRu00,Russell Wilson
TagoTu00,Tua Tagovailoa
McNiJe00,Jeremy McNichols
SermTr00,Trey Sermon
BurrJo01,Joe Burrow
CarrDe02,Derek Carr
RyanMa00,Matt Ryan
WillDa05,Damien Williams
BellLe00,Le'Veon Bell
GaroJi00,Jimmy Garoppolo
LancTr00,Trey Lance
PeteAd01,Adrian Peterson
MayfBa00,Baker Mayfield
RounLa00,Larry Rountree
SnelBe00,Benny Snell Jr.
VaugKe00,Ke'Shawn Vaughn
WillTy01,Ty'Son Williams
BenjEn00,Eno Benjamin
BrowMa03,Malcolm Brown
ClemCo00,Corey Clement
DallDe00,DeeJay Dallas
KellJo01,Joshua Kelley
RodgAa00,Aaron Rodgers
StafMa00,Matthew Stafford
WinsJa00,Jameis Winston
BridTe00,Teddy Bridgewater
CousKi00,Kirk Cousins
WilsZa00,Zach Wilson
BradTo00,Tom Brady
GallWa00,Wayne Gallman
MackMa00,Marlon Mack
BreiMa00,Matt Breida
WaltAu00,Austin Walter
PennEl00,Elijhaa Penny
TaylPa01,Patrick Taylor
McCoCo00,Colt McCoy
HomeTr00,Travis Homer
OlliQa00,Qadree Ollison
RoetBe00,Ben Roethlisberger
BrisJa00,Jacoby Brissett
TaylJJ01,J.J. Taylor
TaylTy00,Tyrod Taylor
IgweGo00,Godwin Igwebuike
MillDa02,Davis Mills
MoorRo02,Rondale Moore
EvanCh02,Chris Evans
GoffJa00,Jared Goff
WillJo07,Jonathan Williams
DaltAn00,Andy Dalton
HastJa02,Jamycal Hasty
ArmsRy00,Ryquell Armstead
JeffJe00,Jermar Jefferson
MontTy01,Ty Montgomery
WillTr06,Trayveon Williams
ClayCh01,Chase Claypool
HuntJa01,Jason Huntley
JackDe02,Deon Jackson
MariMa01,Marcus Mariota
NwanKe00,Kene Nwangwu
TrubMi00,Mitchell Trubisky
BallKa00,Kalen Ballage
BourKe00,Kendrick Bourne
KeenCa00,Case Keenum
LoveJo03,Jordan Love
McKiJe00,Jerick McKinnon
HoyeBr00,Brian Hoyer
ShenLa00,Laviska Shenault Jr.
CartDe02,DeAndre Carter
HillKy00,Kylin Hill
LockDr00,Drew Lock
ReagJa00,Jalen Reagor
WhitJa02,James White
GabbBl00,Blaine Gabbert
HillTy00,Tyreek Hill
JohnJo05,Josh Johnson
LambCe00,CeeDee Lamb
McKeIs00,Isaiah McKenzie
MinsGa00,Gardner Minshew II
RichJa01,Jalen Richard
RushCo00,Cooper Rush
SiemTr00,Trevor Siemian
SmitGe00,Geno Smith
SmitJo01,Jonnu Smith
SmitKe03,Keith Smith
WardJo00,Jonathan Ward
BernGi00,Giovani Bernard
BurtMi00,Michael Burton
FromJa00,Jake Fromm
HardMe00,Mecole Hardman
HennCh01,Chad Henne
JuszKy00,Kyle Juszczyk
MoorD.00,D.J. Moore
PeriLa00,La'Mical Perine
WoodRo02,Robert Woods
AgneJa00,Jamal Agnew
AlleBr00,Brandon Allen
BerrBr00,Braxton Berrios
ChasJa00,Ja'Marr Chase
DuveDe00,Devin Duvernay
FeltDe00,Demetric Felton
GlenMi00,Mike Glennon
GuytJa01,Jalen Guyton
HamxC.00,C.J. Ham
StxxAm00,Amon-Ra St. Brown
WalkPh00,P.J. Walker
JeffJu00,Justin Jefferson
LandJa00,Jarvis Landry
MoonDa00,Darnell Mooney
PhilSc01,Scottie Phillips
SchwAn00,Anthony Schwartz
WoodLo00,Logan Woodside
AiyuBr00,Brandon Aiyuk
AkerCa00,Cam Akers
ArmaAl00,Alex Armah
GranJa00,Jakeem Grant
HarrDe07,Deonte Harty
HoweGr00,Buddy Howell
JohnDi01,Diontae Johnson
MoorEl00,Elijah Moore
PittMi01,Michael Pittman Jr.
RudoMa00,Mason Rudolph
SamuJa00,Jaylen Samuels
SargMe00,Mekhi Sargent
SmalWe00,Wendell Smallwood
SwaiFr00,Freddie Swain
WhitMi01,Mike White
BarnKe00,Kenjon Barner
BellBl00,Blake Bell
BoonMi00,Mike Boone
EskrDW00,D'Wayne Eskridge
FoleNi00,Nick Foles
GodwCh00,Chris Godwin
HardJa01,JaQuan Hardy
KuppCo00,Cooper Kupp
RaymKa00,Kalif Raymond
SamuCu00,Curtis Samuel
WashDw00,Dwayne Washington
WilsAl02,Albert Wilson
AghoNe00,Nelson Agholor
AndeRo04,Chosen Anderson
AustTa00,Tavon Austin
BlasKh00,Khari Blasingame
BookIa00,Ian Book
CabiJa00,Jason Cabinda
CannTr00,Trenton Cannon
CrocDa01,Damarea Crockett
DuliAs00,Ashton Dulin
EhliSa00,Sam Ehlinger
EverGe00,Gerald Everett
FranFe00,Feleipe Franks
GillRe00,Reggie Gilliam
KittGe00,George Kittle
LazaAl00,Allen Lazard
McFaAn00,Anthony McFarland Jr.
NabeGa00,Gabe Nabers
PrenAd00,Adam Prentice
RenfHu00,Hunter Renfrow
RobeAn00,Andre Roberts
RuggHe00,Henry Ruggs III
SmitJu00,JuJu Smith-Schuster
St.BEq00,Equanimeous St. Brown
StanJo02,Johnny Stanton
StreCh00,Chris Streveler
ToneKa00,Kadarius Toney
TremTo00,Tommy Tremble
AlleKy00,Kyle Allen
BatsCa00,Cameron Batson
BeckOd00,Odell Beckham Jr.
BenkKu01,Kurt Benkert
BoydTy00,Tyler Boyd
BoylTi00,Tim Boyle
BrowAJ00,A.J. Brown
CookBr00,Brandin Cooks
DaniCh00,Chase Daniel
EvanDa02,Darrynton Evans
FlacJo00,Joe Flacco
FunkJa00,Jake Funk
GoodMa00,Marquise Goodwin
IngoAl01,Alec Ingold
JanoAn00,Andy Janovich
JeffVa00,Van Jefferson
JeudJe00,Jerry Jeudy
JohnMa07,Marcus Johnson
JoneZa00,Zay Jones
KelcTr00,Travis Kelce
KellJo00,John Kelly
LeavDa00,Dallin Leavitt
LockTy00,Tyler Lockett
MannSe00,Sean Mannion
McClRa00,Ray-Ray McCloud
MillSc01,Scott Miller
MostRa00,Raheem Mostert
PascZa00,Zach Pascal
PatrJa01,Jacques Patrick
PeteNa00,Nathan Peterman
RicaPa00,Patrick Ricard
SandEm00,Emmanuel Sanders
SmytDu00,Durham Smythe
WaddJa00,Jaylen Waddle
WashJa00,James Washington
WebbDa00,Davis Webb
WilsCe01,Cedrick Wilson Jr.
WolfJo00,John Wolford
AkinJo00,Jordan Akins
AndrMa00,Mark Andrews
BachAl00,Alex Bachman
BeatC.00,C.J. Beathard
BlouDa00,David Blough
BoarC.00,C.J. Board
BonnRe00,Reggie Bonnafon
BrigGa00,Gary Brightwell
BrowAn04,Antonio Brown
BrowDy00,Dyami Brown
BrowMa04,Marquise Brown
ChanSe00,Sean Chandler
CobbRa00,Randall Cobb
ConlCh00,Chris Conley
CoopPh00,Pharoh Cooper
CottNa00,Nathan Cottrell
DardJa00,Jaelon Darden
DorsPh00,Phillip Dorsett
DortGr01,Greg Dortch
EbroEr00,Eric Ebron
EdwaBr01,Bryan Edwards
EngrEv00,Evan Engram
ErtzZa00,Zach Ertz
EvanMi00,Mike Evans
FejeCl00,Clayton Fejedelem
FfreMa00,Maurice Ffrench
FitzRy00,Ryan Fitzpatrick
GillJa00,Jamie Gillan
GrayCy01,Cyril Grayson
HekkJo00,Johnny Hekker
JackDe00,DeSean Jackson
KirkCh01,Christian Kirk
KmetCo00,Cole Kmet
LairPa00,Patrick Laird
LeexAn20,Andy Lee
MannBr01,Braden Mann
McCrNa00,Nate McCrary
McLaTe00,Terry McLaurin
MetcDK00,D.K. Metcalf
MeyeJa01,Jakobi Meyers
MilnDa00,Dax Milne
MoorCJ01,C.J. Moore
MorgSt02,Stanley Morgan Jr.
NallRy00,Ryan Nall
NjokDa00,David Njoku
OlszGu00,Gunner Olszewski
OsboKJ00,K.J. Osborn
OzigDe01,Devine Ozigbo
PalaMi00,Michael Palardy
PalmJo00,Josh Palmer
PerrBr02,Breshad Perriman
RagaTr00,Trey Ragas
RodgAm00,Amari Rodgers
RogeCh02,Chester Rogers
RossJo00,John Ross
ShepSt00,Sterling Shepard
SimsCa00,Cam Sims
SlayDa01,Darius Slayton
SmitIt00,Ito Smith
SmitJe03,Jeff Smith
SmitSh03,Shi Smith
SmitTr04,Tremon Smith
StilKe00,Kenny Stills
ThieAd00,Adam Thielen
WatkQu00,Quez Watkins
WattDe00,Derek Watt
WillPr01,Preston Williams
WingAn01,Andrew Wingard
ZaccOl01,Olamide Zaccheaus
KuppCo00,Cooper Kupp
AdamDa01,Davante Adams
HillTy00,Tyreek Hill
JeffJu00,Justin Jefferson
AndrMa00,Mark Andrews
JohnDi01,Diontae Johnson
AlleKe00,Keenan Allen
WaddJa00,Jaylen Waddle
DiggSt00,Stefon Diggs
RenfHu00,Hunter Renfrow
GodwCh00,Chris Godwin
MoorD.00,D.J. Moore
KelcTr00,Travis Kelce
BrowMa04,Marquise Brown
CookBr00,Brandin Cooks
StxxAm00,Amon-Ra St. Brown
PittMi01,Michael Pittman Jr.
MeyeJa01,Jakobi Meyers
BeasCo00,Cole Beasley
ChasJa00,Ja'Marr Chase
MoonDa00,Darnell Mooney
LambCe00,CeeDee Lamb
SchuDa00,Dalton Schultz
KirkCh01,Christian Kirk
McLaTe00,Terry McLaurin
SamuDe00,Deebo Samuel
WillMi07,Mike Williams
MetcDK00,D.K. Metcalf
ErtzZa00,Zach Ertz
EvanMi00,Mike Evans
HarrNa00,Najee Harris
HiggTe00,Tee Higgins
GesiMi00,Mike Gesicki
JoneMa02,Marvin Jones
LockTy00,Tyler Lockett
KittGe00,George Kittle
EkelAu00,Austin Ekeler
FourLe00,Leonard Fournette
CoopAm00,Amari Cooper
FantNo00,Noah Fant
PittKy00,Kyle Pitts
BoydTy00,Tyler Boyd
ThieAd00,Adam Thielen
GageRu00,Russell Gage
SmitDe07,DeVonta Smith
BrowAJ00,A.J. Brown
ShenLa00,Laviska Shenault Jr.
SwifDA00,D'Andre Swift
ConkTy00,Tyler Conklin
HigbTy00,Tyler Higbee
HockTJ00,T.J. Hockenson
FreiPa00,Pat Freiermuth
KmetCo00,Cole Kmet
ClayCh01,Chase Claypool
HardMe00,Mecole Hardman
SuttCo00,Courtland Sutton
AiyuBr00,Brandon Aiyuk
GoedDa00,Dallas Goedert
BourKe00,Kendrick Bourne
GronRo00,Rob Gronkowski
WallDa01,Darren Waller
GreeA.00,A.J. Green
JacoJo01,Josh Jacobs
MoorRo02,Rondale Moore
AndeRo04,Chosen Anderson
PatrTi00,Tim Patrick
JoneAa00,Aaron Jones
LandJa00,Jarvis Landry
PattCo00,Cordarrelle Patterson
CrowJa00,Jamison Crowder
HenrHu00,Hunter Henry
JeffVa00,Van Jefferson
OsboKJ00,K.J. Osborn
GaskMy00,Myles Gaskin
KnoxDa00,Dawson Knox
UzomC.00,C.J. Uzomah
CookJa02,Jared Cook
EverGe00,Gerald Everett
RaymKa00,Kalif Raymond
ElliEz00,Ezekiel Elliott
JoneZa00,Zay Jones
KamaAl00,Alvin Kamara
WillDa10,Darrel Williams
BateRa00,Rashod Bateman
BerrBr00,Braxton Berrios
CallMa01,Marquez Callaway
EngrEv00,Evan Engram
WilsCe01,Cedrick Wilson Jr.
WoodRo02,Robert Woods
BeckOd00,Odell Beckham Jr.
DaviMi01,Mike Davis
EdmoCh00,Chase Edmonds
McKiJ.00,J.D. McKissic
MoorEl00,Elijah Moore
WatkQu00,Quez Watkins
WillJa10,Javonte Williams
BrowAn04,Antonio Brown
GibsAn00,Antonio Gibson
HopkDe00,DeAndre Hopkins
MixoJo00,Joe Mixon
MontDa01,David Montgomery
PrinBy00,Byron Pringle
SandEm00,Emmanuel Sanders
BarkSa00,Saquon Barkley
BoldBr00,Brandon Bolden
HumpAd00,Adam Humphries
BookDe00,Devontae Booker
HineNy00,Nyheim Hines
LazaAl00,Allen Lazard
ParkDe01,DeVante Parker
SingDe00,Devin Singletary
TaylJo02,Jonathan Taylor
McClRa00,Ray-Ray McCloud
PollTo00,Tony Pollard
ToneKa00,Kadarius Toney
AbduAm00,Ameer Abdullah
HoopAu00,Austin Hooper
JeudJe00,Jerry Jeudy
PascZa00,Zach Pascal
RobiAl02,Allen Robinson
WestNi00,Nick Westbrook-Ikhine
AghoNe00,Nelson Agholor
ConnJa00,James Conner
GollKe00,Kenny Golladay
McCaCh01,Christian McCaffrey
CartMi03,Michael Carter
HarrDe07,Deonte Harty
JohnTy00,Tyler Johnson
NjokDa00,David Njoku
ShepSt00,Sterling Shepard
ArnoDa00,Dan Arnold
DaviGa01,Gabriel Davis
GallMi00,Michael Gallup
CookDa01,Dalvin Cook
DaviCo03,Corey Davis
DillAJ00,AJ Dillon
EdwaBr01,Bryan Edwards
FirkAn00,Anthony Firkser
FreeDe00,Devonta Freeman
JohnTy02,Ty Johnson
PeopDo00,Donovan Peoples-Jones
SmytDu00,Durham Smythe
CollNi00,Nico Collins
DuveDe00,Devin Duvernay
GainKe00,Kenneth Gainwell
OkwuAl00,Albert Okwuegbunam
PalmJo00,Josh Palmer
ReagJa00,Jalen Reagor
TreaLa00,Laquon Treadwell
JohnDa08,David Johnson
MattAl01,Alexander Mattison
SmitTr03,Tre'Quan Smith
GuytJa01,Jalen Guyton
JoneJu02,Julio Jones
RidlCa00,Calvin Ridley
RobiJa00,James Robinson
SwaiGe00,Geoff Swaim
ZaccOl01,Olamide Zaccheaus
BratCa00,Cameron Brate
DrakKe00,Kenyan Drake
JuszKy00,Kyle Juszczyk
MoreFo00,Foster Moreau
RogeCh02,Chester Rogers
SealRi00,Ricky Seals-Jones
DoylJa00,Jack Doyle
HendDa00,Darrell Henderson
ReynJo00,Josh Reynolds
CobbRa00,Randall Cobb
ColeKe00,Keelan Cole
GordMe00,Melvin Gordon
McNiJe00,Jeremy McNichols
SmitJo01,Jonnu Smith
GrifRy00,Ryan Griffin
IngrMa01,Mark Ingram
PeriSa00,Samaje Perine
TrauAd00,Adam Trautman
WatkSa00,Sammy Watkins
ByrdDa00,Damiere Byrd
HursHa00,Hayden Hurst
RudoKy00,Kyle Rudolph
SandMi01,Miles Sanders
SlayDa01,Darius Slayton
ValdMa00,Marquez Valdes-Scantling
WillJa06,Jamaal Williams
BurkRe00,Rex Burkhead
DeguJo00,Josiah Deguara
HubbCh01,Chuba Hubbard
RobiDe01,Demarcus Robinson
SharTa00,Tajae Sharpe
SwaiFr00,Freddie Swain
WilsAl02,Albert Wilson
AgneJa00,Jamal Agnew
AkinJo00,Jordan Akins
AlieMo00,Mo Alie-Cox
AmenDa00,Danny Amendola
AustTa00,Tavon Austin
CartDe02,DeAndre Carter
HiggRa00,Rashard Higgins
JennJa00,Jauan Jennings
O'ShJa00,James O'Shaughnessy
RuggHe00,Henry Ruggs III
WashJa00,James Washington
BernGi00,Giovani Bernard
BrowPh01,Pharaoh Brown
HastJa02,Jamycal Hasty
HiltT.00,T.Y. Hilton
LewiMa00,Marcedes Lewis
MossZa00,Zack Moss
ConlCh00,Chris Conley
HuntKa00,Kareem Hunt
JackJu01,Justin Jackson
BryaHa00,Harrison Bryant
DallDe00,DeeJay Dallas
DissWi00,Will Dissly
MichSo00,Sony Michel
MoorCh00,Chris Moore
BateJo00,John Bates
ChubNi00,Nick Chubb
GoodMa00,Marquise Goodwin
JackDe00,DeSean Jackson
JordBr00,Brevin Jordan
McKeIs00,Isaiah McKenzie
ParhDo00,Donald Parham
TremTo00,Tommy Tremble
EdwaCl00,Clyde Edwards-Helaire
GentZa00,Zach Gentry
HillDo00,Dontrell Hilliard
JohnDE04,D'Ernest Johnson
MitcEl00,Elijah Mitchell
WeslAn01,Antoine Wesley
FeltDe00,Demetric Felton
HarrDa06,Damien Harris
HenrDe00,Derrick Henry
ThomIa00,Ian Thomas
ThomLo00,Logan Thomas
TonyRo00,Robert Tonyan
ZylsBr00,Brandon Zylstra
HamxC.00,C.J. Ham
MarsTe00,Terrace Marshall Jr.
AndeSt01,Stephen Anderson
BrowNo00,Noah Brown
HomeTr00,Travis Homer
KrofTy00,Tyler Kroft
MontTy01,Ty Montgomery
ProcJa00,James Proche
WillDa05,Damien Williams
WillMa04,Maxx Williams
CephQu00,Quintez Cephus
EvanCh02,Chris Evans
HintKe00,Kendall Hinton
SanuMo00,Mohamed Sanu
SimsCa00,Cam Sims
SmitJu00,JuJu Smith-Schuster
GrahJi00,Jimmy Graham
HerbKh00,Khalil Herbert
HollMa00,Mack Hollins
HowaO.00,O.J. Howard
PruiMy00,MyCole Pruitt
StevRh00,Rhamondre Stevenson
DuliAs00,Ashton Dulin
HodgKh00,KhaDarel Hodge
HumpLi01,Lil'Jordan Humphrey
JohnJu02,Juwan Johnson
McKiJe00,Jerick McKinnon
OgunDa00,Dare Ogunbowale
ScotBo02,Boston Scott
AhmeSa01,Salvon Ahmed
BrowDy00,Dyami Brown
EbroEr00,Eric Ebron
FordIs00,Isaiah Ford
HarrNK00,N'Keal Harry
HydeCa00,Carlos Hyde
RichJa01,Jalen Richard
ShahAd00,Adam Shaheen
TurnMa00,Malik Turner
WhitJa02,James White
WrigBr01,Brock Wright
ColeTe01,Tevin Coleman
GranKy00,Kylen Granson
GranJa00,Jakeem Grant
JarwBl00,Blake Jarwin
JohnCo01,Collin Johnson
PerrBr02,Breshad Perriman
RossJo00,John Ross
SampDr00,Drew Sample
SkowBe00,Ben Skowronek
BarbPe01,Peyton Barber
BensTr00,Trinity Benson
CampPa00,Parris Campbell
EskrDW00,D'Wayne Eskridge
FreeRo00,Royce Freeman
GrayCy01,Cyril Grayson
IngoAl01,Alec Ingold
JoneRo01,Ronald Jones II
MurrLa00,Latavius Murray
PattJa01,Jaret Patterson
PettDa00,Dante Pettis
SchwAn00,Anthony Schwartz
WestDe00,Dede Westbrook
BellBl00,Blake Bell
CollAl00,Alex Collins
ForeDO00,D'Onta Foreman
HollJa03,Jacob Hollister
JohnMa07,Marcus Johnson
MilnDa00,Dax Milne
OlivJo00,Josh Oliver
PennEl00,Elijhaa Penny
SherTr00,Trent Sherfield
SmitKe03,Keith Smith
SmitLe00,Lee Smith
St.BEq00,Equanimeous St. Brown
SweeTo00,Tommy Sweeney
VannNi00,Nick Vannett
WillTy01,Ty'Son Williams
GoreDe00,Derrick Gore
MimsDe00,Denzel Mims
RicaPa00,Patrick Ricard
SaubEr00,Eric Saubert
SmitJe03,Jeff Smith
WinfJu00,Juwann Winfree
BreiMa00,Matt Breida
CharDJ00,DJ Chark
DorsPh00,Phillip Dorsett
FarrLu00,Luke Farrell
GrayNo00,Noah Gray
HartPe01,Penny Hart
IgweGo00,Godwin Igwebuike
JameJe00,Jesse James
ReynCr00,Craig Reynolds
WardGr02,Greg Ward
WilsJe01,Jeff Wilson
BenjEn00,Eno Benjamin
CarsCh00,Chris Carson
ClemCo00,Corey Clement
DardJa00,Jaelon Darden
KennTo01,Tom Kennedy
ManhCh00,Chris Manhertz
McKiTr00,Tre' McKitty
MillAn02,Anthony Miller
PennRa00,Rashaad Penny
SamuCu00,Curtis Samuel
SmitSh03,Shi Smith
StilKe00,Kenny Stills
WillPr01,Preston Williams
AuclAn00,Antony Auclair
BellLe00,Le'Veon Bell
FitzDe00,Dez Fitzpatrick
FortJo01,Jody Fortson
GordJo02,Josh Gordon
HamlKJ00,KJ Hamler
HessPa00,Parker Hesse
JoneTo04,Tony Jones
KellJo01,Joshua Kelley
MillSc01,Scott Miller
ParkCo02,Colby Parkinson
SmitRo08,Rodney Smith
SmitIh00,Ihmir Smith-Marsette
ThomMi04,Mike Thomas
WhitCo05,Cody White
WoerCh00,Charlie Woerner
BlakCh00,Christian Blake
BlanKe01,Kendall Blanton
BoarC.00,C.J. Board
BradJa01,Ja'Marcus Bradley
CabiJa00,Jason Cabinda
CoopPh00,Pharoh Cooper
DaviTy02,Tyler Davis
DwelRo00,Ross Dwelley
FellDa01,Darren Fells
FullWi01,Will Fuller
GrifGa00,Garrett Griffin
HernCh00,Chris Herndon
HillTa00,Taysom Hill
HogaCh00,Chris Hogan
HollCo00,Cody Hollister
JeffJe00,Jermar Jefferson
JohnDu00,Duke Johnson
JohnJa12,Jakob Johnson
LindPh00,Phillip Lindsay
McKeSe01,Sean McKeon
NwanKe00,Kene Nwangwu
OlliQa00,Qadree Ollison
PeteAd01,Adrian Peterson
RodgAm00,Amari Rodgers
SmalWe00,Wendell Smallwood
SneaWi00,Willie Snead
StolJa00,Jack Stoll
TaylJJ01,J.J. Taylor
VaugKe00,Ke'Shawn Vaughn
WilkKr00,Kristian Wilkerson
WillJo07,Jonathan Williams
AkerCa00,Cam Akers
ArmsRy00,Ryquell Armstead
BrowMa03,Malcolm Brown
BurtMi00,Michael Burton
DortGr01,Greg Dortch
EricAl01,Alex Erickson
GillRe00,Reggie Gilliam
HarrDe03,Demetrius Harris
HillKJ00,K.J. Hill
HudsTo00,Tommy Hudson
JackTy01,Tyree Jackson
JanoAn00,Andy Janovich
KirkKe00,Keith Kirkwood
LairPa00,Patrick Laird
MontDJ01,D.J. Montgomery
MoorJa02,Jason Moore
MyarCh00,Chris Myarick
NabeGa00,Gabe Nabers
PrenAd00,Adam Prentice
SamuJa00,Jaylen Samuels
SermTr00,Trey Sermon
SmitKa00,Kaden Smith
SpriJe00,Jeremy Sprinkle
TateAu00,Auden Tate
WardJo00,Jonathan Ward
WattDe00,Derek Watt
WescTr00,Trevon Wesco
WilcMi01,Mitchell Wilcox
ZylsSh00,Shane Zylstra
ArceJJ00,JJ Arcega-Whiteside
BallKa00,Kalen Ballage
BatsCa00,Cameron Batson
BlasKh00,Khari Blasingame
BonnRe00,Reggie Bonnafon
BoonMi00,Mike Boone
BrowDa04,Daniel Brown
CarrDe00,Derek Carrier
CartCe00,Cethan Carter
DafnDo00,Dominique Dafney
DeckTa00,Taylor Decker
EvanDa02,Darrynton Evans
HorsJe00,Jesper Horsted
HowaJo00,Jordan Howard
IrwiTr00,Trenton Irwin
JohnTy03,Tyron Johnson
KempMa00,Marcus Kemp
KumeJa00,Jake Kumerow
MackMa00,Marlon Mack
McMaRa00,Racey McMath
MickJa01,Jaydon Mickens
MorgSt02,Stanley Morgan Jr.
NewsDa00,Dazz Newsome
OlszGu00,Gunner Olszewski
PatmDe00,Dezmon Patmon
PhilSc01,Scottie Phillips
RadeKe00,Kevin Rader
RagaTr00,Trey Ragas
RodgRi00,Richard Rodgers
SaunCJ00,C.J. Saunders
SillDa01,David Sills
SnelBe00,Benny Snell Jr.
StanJo02,Johnny Stanton
StocLu00,Luke Stocker
StraMi03,Mike Strachan
TaylMa01,Malik Taylor
TaylPa01,Patrick Taylor
TaylTr02,Trent Taylor
WallTy00,Tylan Wallace
WaltAu00,Austin Walter
WashDw00,Dwayne Washington
WillTy00,Tyrell Williams
WolfEt00,Ethan Wolf
YeboKe00,Kenny Yeboah
ArmaAl00,Alex Armah
BawdNi00,Nick Bawden
BellNi01,Nick Bellore
BlacTa00,Tarik Black
BoykMi00,Miles Boykin
BoylNi00,Nick Boyle
BradGa00,Garrett Bradbury
BrigGa00,Gary Brightwell
CoutKe00,Keke Coutee
DaniDa02,Darrell Daniels
DarbFr00,Frank Darby
DaviDa03,Davion Davis
GallWa00,Wayne Gallman
HallMa02,Marvin Hall
HeinTa00,Taylor Heinicke
HelmDa01,Daniel Helm
HillKy00,Kylin Hill
HookAm00,Amani Hooker
HopkBr01,Brycen Hopkins
IsabAn00,Andy Isabella
JohnLa01,Lane Johnson
JoneDa05,Daniel Jones
LewiTo00,Tommylee Lewis
LockDr00,Drew Lock
LongHu00,Hunter Long
McDeCo00,Conor McDermott
McFaAn00,Anthony McFarland Jr.
MerrKi00,Kirk Merritt
MundJo00,Johnny Mundt
NallRy00,Ryan Nall
OzigDe01,Devine Ozigbo
PintDa00,Danny Pinter
PricBo00,Bobby Price
RemmMi00,Mike Remmers
RobeAn00,Andre Roberts
RodgAa00,Aaron Rodgers
RounLa00,Larry Rountree
SpenDi00,Diontae Spencer
SteeTe01,Terence Steele
ThomAn02,Andrew Thomas
TomlEr01,Eric Tomlinson
WhitKe00,Kevin White
WilkCh00,Christian Wilkins
WillSe00,Seth Williams
WillTr06,Trayveon Williams
WinsEa00,Easop Winston
YeldDe00,Deon Yelder
AdamRo01,Rodney Adams
AlliGe01,Geronimo Allison
BenjTr00,Travis Benjamin
BradDa00,Darius Bradwell
BrowJo02,John Brown
CampTe00,Tevaughn Campbell
ClevTy00,Tyrie Cleveland
CoulIs00,Isaiah Coulter
CrosKe00,Keion Crossen
DawkDi00,Dion Dawkins
ElleBe00,Ben Ellefson
HuntJa01,Jason Huntley
HurtJa00,Jalen Hurts
McElCo00,Codey McElroy
MoorDa03,David Moore
NelsMa00,Matt Nelson
RiccGi00,Giovanni Ricci
SargMe00,Mekhi Sargent
SmitDe04,Devin Smith
SmitVy00,Vyncint Smith
SullSt00,Stephen Sullivan
ThomCo03,Colin Thompson
WillTr21,Trent Williams
WilsZa00,Zach Wilson
MahoPa00,Patrick Mahomes
HerbJu00,Justin Herbert
BradTo00,Tom Brady
CousKi00,Kirk Cousins
BurrJo01,Joe Burrow
GoffJa00,Jared Goff
AlleJo02,Josh Allen
SmitGe00,Geno Smith
LawrTr00,Trevor Lawrence
HurtJa00,Jalen Hurts
RodgAa00,Aaron Rodgers
TagoTu00,Tua Tagovailoa
WilsRu00,Russell Wilson
CarrDe02,Derek Carr
JoneDa05,Daniel Jones
MillDa02,Davis Mills
RyanMa00,Matt Ryan
JoneMa05,Mac Jones
DaltAn00,Andy Dalton
PresDa01,Dak Prescott
BrisJa00,Jacoby Brissett
TannRy00,Ryan Tannehill
GaroJi00,Jimmy Garoppolo
PickKe00,Kenny Pickett
MurrKy00,Kyler Murray
FielJu00,Justin Fields
JackLa00,Lamar Jackson
MariMa01,Marcus Mariota
MayfBa00,Baker Mayfield
StafMa00,Matthew Stafford
HeinTa00,Taylor Heinicke
WentCa00,Carson Wentz
WilsZa00,Zach Wilson
PurdBr00,Brock Purdy
TrubMi00,Mitchell Trubisky
WhitMi01,Mike White
DarnSa00,Sam Darnold
WatsDe00,Deshaun Watson
FlacJo00,Joe Flacco
RushCo00,Cooper Rush
WinsJa00,Jameis Winston
ZappBa00,Bailey Zappe
McCoCo00,Colt McCoy
WalkPh00,P.J. Walker
RiddDe00,Desmond Ridder
BridTe00,Teddy Bridgewater
MinsGa00,Gardner Minshew II
HuntTy01,Tyler Huntley
StidJa00,Jarrett Stidham
EhliSa00,Sam Ehlinger
ThomSk00,Skylar Thompson
RypiBr00,Brett Rypien
AlleKy00,Kyle Allen
McSoTr00,Trace McSorley
DobbJo00,Joshua Dobbs
BlouDa00,David Blough
WolfJo00,John Wolford
BrowAn06,Anthony Brown
WillMa12,Malik Willis
HillTa00,Taysom Hill
FoleNi00,Nick Foles
MullNi00,Nick Mullens
LoveJo03,Jordan Love
LancTr00,Trey Lance
SiemTr00,Trevor Siemian
HoweSa00,Sam Howell
WebbDa00,Davis Webb
PerkBr02,Bryce Perkins
PeteNa00,Nathan Peterman
DrisJe00,Jeff Driskel
StreCh00,Chris Streveler
EasoJa00,Jacob Eason
TaylTy00,Tyrod Taylor
DaniCh00,Chase Daniel
HoyeBr00,Brian Hoyer
BeatC.00,C.J. Beathard
JeffJu00,Justin Jefferson
McCaCh01,Christian McCaffrey
BoylTi00,Tim Boyle
GabbBl00,Blaine Gabbert
BoydTy00,Tyler Boyd
TrasKy00,Kyle Trask
AlleBr00,Brandon Allen
DixoRi00,Riley Dixon
MannBr01,Braden Mann
WrigRy00,Ryan Wright
JohnJo05,Josh Johnson
KeenCa00,Case Keenum
FoxxJa01,Jack Fox
HarrNa00,Najee Harris
HenrDe00,Derrick Henry
HollMa00,Mack Hollins
LeexAn20,Andy Lee
BerrBr00,Braxton Berrios
ClayCh01,Chase Claypool
BurkRe00,Rex Burkhead
CoopAm00,Amari Cooper
DallDe00,DeeJay Dallas
DorsPh00,Phillip Dorsett
FourLe00,Leonard Fournette
HennCh01,Chad Henne
KirkCh01,Christian Kirk
KuppCo00,Cooper Kupp
ProcJa00,James Proche
TownTo01,Tommy Townsend
WilsGa00,Garrett Wilson
HenrDe00,Derrick Henry
JacoJo01,Josh Jacobs
ChubNi00,Nick Chubb
BarkSa00,Saquon Barkley
HarrNa00,Najee Harris
CookDa01,Dalvin Cook
WillJa06,Jamaal Williams
SandMi01,Miles Sanders
McCaCh01,Christian McCaffrey
ElliEz00,Ezekiel Elliott
WalkKe00,Kenneth Walker III
KamaAl00,Alvin Kamara
EtieTr00,Travis Etienne
PierDa01,Dameon Pierce
JoneAa00,Aaron Jones
AllgTy00,Tyler Allgeier
MixoJo00,Joe Mixon
StevRh00,Rhamondre Stevenson
RobiBr01,Brian Robinson Jr.
EkelAu00,Austin Ekeler
ForeDO00,D'Onta Foreman
MontDa01,David Montgomery
PollTo00,Tony Pollard
TaylJo02,Jonathan Taylor
FourLe00,Leonard Fournette
AkerCa00,Cam Akers
DillAJ00,AJ Dillon
ConnJa00,James Conner
MostRa00,Raheem Mostert
SingDe00,Devin Singletary
WilsJe01,Jeff Wilson
MurrLa00,Latavius Murray
PachIs00,Isiah Pacheco
HurtJa00,Jalen Hurts
FielJu00,Justin Fields
GibsAn00,Antonio Gibson
PattCo00,Cordarrelle Patterson
HerbKh00,Khalil Herbert
WhitRa01,Rachaad White
AlleJo02,Josh Allen
HuntKa00,Kareem Hunt
JoneDa05,Daniel Jones
CartMi03,Michael Carter
JackLa00,Lamar Jackson
RobiJa00,James Robinson
DrakKe00,Kenyan Drake
HarrDa06,Damien Harris
SwifDA00,D'Andre Swift
HillTa00,Taysom Hill
HubbCh01,Chuba Hubbard
PeriSa00,Samaje Perine
MossZa00,Zack Moss
DobbJK00,J.K. Dobbins
GordMe00,Melvin Gordon
CookJa01,James Cook
EdwaGu00,Gus Edwards
KnigZo00,Zonovan Knight
MariMa01,Marcus Mariota
HallBr03,Breece Hall
BenjEn00,Eno Benjamin
WarrJa01,Jaylen Warren
HuntCa02,Caleb Huntley
BurrJo01,Joe Burrow
MattAl01,Alexander Mattison
McKiJe00,Jerick McKinnon
EdwaCl00,Clyde Edwards-Helaire
HendDa00,Darrell Henderson
KellJo01,Joshua Kelley
EdmoCh00,Chase Edmonds
JackDe02,Deon Jackson
SmitGe00,Geno Smith
MurrKy00,Kyler Murray
IngrMa01,Mark Ingram
LawrTr00,Trevor Lawrence
MahoPa00,Patrick Mahomes
PennRa00,Rashaad Penny
PickKe00,Kenny Pickett
WilsRu00,Russell Wilson
BreiMa00,Matt Breida
HerbJu00,Justin Herbert
ScotBo02,Boston Scott
GainKe00,Kenneth Gainwell
BrisJa00,Jacoby Brissett
HillJu00,Justice Hill
JoneMa05,Mac Jones
WillJa10,Javonte Williams
HastJa02,Jamycal Hasty
MitcEl00,Elijah Mitchell
PresDa01,Dak Prescott
HuntTy01,Tyler Huntley
MasoJo00,Jordan Mason
JackJu01,Justin Jackson
OgunDa00,Dare Ogunbowale
SamuDe00,Deebo Samuel
FreeRo00,Royce Freeman
DaviMa02,Malik Davis
SamuCu00,Curtis Samuel
WillJo07,Jonathan Williams
MichSo00,Sony Michel
WatsDe00,Deshaun Watson
DallDe00,DeeJay Dallas
WillKy02,Kyren Williams
DaviTy03,Tyrion Davis-Price
RodgAa00,Aaron Rodgers
TannRy00,Ryan Tannehill
MillDa02,Davis Mills
BrigGa00,Gary Brightwell
CousKi00,Kirk Cousins
MayfBa00,Baker Mayfield
DaltAn00,Andy Dalton
JohnTy02,Ty Johnson
BradTo00,Tom Brady
GoffJa00,Jared Goff
HeinTa00,Taylor Heinicke
WilsZa00,Zach Wilson
IngrKe01,Keaontay Ingram
RyanMa00,Matt Ryan
WillMa12,Malik Willis
BurkRe00,Rex Burkhead
DarnSa00,Sam Darnold
HaskHa00,Hassan Haskins
BoonMi00,Mike Boone
CarrDe02,Derek Carr
EbneTr00,Trestan Ebner
HineNy00,Nyheim Hines
BlacRa00,Raheem Blackshear
GaroJi00,Jimmy Garoppolo
ReynCr00,Craig Reynolds
TagoTu00,Tua Tagovailoa
HillDo00,Dontrell Hilliard
McKiJ.00,J.D. McKissic
PurdBr00,Brock Purdy
WentCa00,Carson Wentz
WillAv02,Avery Williams
WillDa10,Darrel Williams
DrisJe00,Jeff Driskel
SnelBe00,Benny Snell Jr.
HomeTr00,Travis Homer
PerkBr02,Bryce Perkins
TrubMi00,Mitchell Trubisky
BrowMa03,Malcolm Brown
HarrKe01,Kevin Harris
SpilIs00,Isaiah Spiller
BoldBr00,Brandon Bolden
EhliSa00,Sam Ehlinger
JoneRo01,Ronald Jones II
PattJa01,Jaret Patterson
PoweBr00,Brandon Powell
VaugKe00,Ke'Shawn Vaughn
WhitZa01,Zamir White
LancTr00,Trey Lance
MackMa00,Marlon Mack
RiddDe00,Desmond Ridder
ClemCo00,Corey Clement
LindPh00,Phillip Lindsay
McSoTr00,Trace McSorley
EvanDa02,Darrynton Evans
McCoCo00,Colt McCoy
StidJa00,Jarrett Stidham
ThomSk00,Skylar Thompson
RounLa00,Larry Rountree
SimsSt00,Steven Sims
StafMa00,Matthew Stafford
WilkJo01,Jordan Wilkins
AgneJa00,Jamal Agnew
AhmeSa01,Salvon Ahmed
ColeTe01,Tevin Coleman
ConnSn00,Snoop Conner
DuveDe00,Devin Duvernay
JohnDa08,David Johnson
WashDw00,Dwayne Washington
GaskMy00,Myles Gaskin
JoneTo04,Tony Jones
LambCe00,CeeDee Lamb
MoorD.00,D.J. Moore
StroPi00,Pierre Strong
TaylJJ01,J.J. Taylor
TaylPa01,Patrick Taylor
ZappBa00,Bailey Zappe
AtweTu00,Tutu Atwell
BerrBr00,Braxton Berrios
BrowSp01,Spencer Brown
ChesJu00,Julius Chestnut
ClayCh01,Chase Claypool
JoneVe00,Velus Jones Jr.
KuppCo00,Cooper Kupp
McKeIs00,Isaiah McKenzie
NwanKe00,Kene Nwangwu
RiveRo01,Ronnie Rivers
RushCo00,Cooper Rush
ShenLa00,Laviska Shenault Jr.
StxxAm00,Amon-Ra St. Brown
StreCh00,Chris Streveler
WattDe00,Derek Watt
BernGi00,Giovani Bernard
DaviMi01,Mike Davis
DobbJo00,Joshua Dobbs
FordJe00,Jerome Ford
OlszGu00,Gunner Olszewski
WolfJo00,John Wolford
DortGr01,Greg Dortch
HillTy00,Tyreek Hill
JohnDi01,Diontae Johnson
JuszKy00,Kyle Juszczyk
McLaTe00,Terry McLaurin
MinsGa00,Gardner Minshew II
RaymKa00,Kalif Raymond
RicaPa00,Patrick Ricard
ToneKa00,Kadarius Toney
WatsCh00,Christian Watson
AlleKy00,Kyle Allen
BourKe00,Kendrick Bourne
ChanTy01,Ty Chandler
IngoAl01,Alec Ingold
McFaAn00,Anthony McFarland Jr.
MoorRo02,Rondale Moore
RypiBr00,Brett Rypien
St.BEq00,Equanimeous St. Brown
WalkPh00,P.J. Walker
WebbDa00,Davis Webb
WhitMi01,Mike White
WillTr06,Trayveon Williams
BurtMi00,Michael Burton
CampPa00,Parris Campbell
ChasJa00,Ja'Marr Chase
HennCh01,Chad Henne
HoweSa00,Sam Howell
JoneJu02,Julio Jones
KeenCa00,Case Keenum
KirkCh01,Christian Kirk
MoorEl00,Elijah Moore
SudfNa00,Nate Sudfeld
TaylTy00,Tyrod Taylor
WardJo00,Jonathan Ward
WashMo00,Montrell Washington
WinsJa00,Jameis Winston
AbduAm00,Ameer Abdullah
BeatC.00,C.J. Beathard
BlouDa00,David Blough
BurkTr00,Treylon Burks
CoopPh00,Pharoh Cooper
HamxC.00,C.J. Ham
HardMe00,Mecole Hardman
HollMa00,Mack Hollins
HorvZa00,Zander Horvath
JeffJu00,Justin Jefferson
JeudJe00,Jerry Jeudy
JohnDE04,D'Ernest Johnson
JoneZa00,Zay Jones
McClRa00,Ray-Ray McCloud
MullNi00,Nick Mullens
PrenAd00,Adam Prentice
ReagJa00,Jalen Reagor
SchwAn00,Anthony Schwartz
ShahRa00,Rashid Shaheed
SiemTr00,Trevor Siemian
TaylTr02,Trent Taylor
TurnDJ00,DJ Turner
WilsGa00,Garrett Wilson
AdamDa01,Davante Adams
AlleBr00,Brandon Allen
AndrMa00,Mark Andrews
BonnRe00,Reggie Bonnafon
BridTe00,Teddy Bridgewater
BrowAn06,Anthony Brown
FlacJo00,Joe Flacco
GodwCh00,Chris Godwin
IgweGo00,Godwin Igwebuike
MoorCh00,Chris Moore
MoorSk01,Skyy Moore
OkonCh00,Chigoziem Okonkwo
OsboKJ00,K.J. Osborn
OzigDe01,Devine Ozigbo
PickGe00,George Pickens
PittMi01,Michael Pittman Jr.
ThorTy00,Tyquan Thornton
TurpKa00,KaVontae Turpin
WaddJa00,Jaylen Waddle
WatkQu00,Quez Watkins
AiyuBr00,Brandon Aiyuk
BeckAn01,Andrew Beck
BoylTi00,Tim Boyle
CartDe02,DeAndre Carter
ConkTy00,Tyler Conklin
CookBr00,Brandin Cooks
DickMi00,Michael Dickson
DotsJa00,Jahan Dotson
DuliAs00,Ashton Dulin
EngrEv00,Evan Engram
EskrDW00,D'Wayne Eskridge
FoleNi00,Nick Foles
GillJa00,Jamie Gillan
GoodMa00,Marquise Goodwin
HamlKJ00,KJ Hamler
HeywCo00,Connor Heyward
HintKe00,Kendall Hinton
JameRi00,Richie James
JohnDu00,Duke Johnson
JohnJo05,Josh Johnson
KelcTr00,Travis Kelce
KmetCo00,Cole Kmet
LazaAl00,Allen Lazard
MeyeJa01,Jakobi Meyers
MontTy01,Ty Montgomery
MoorCJ01,C.J. Moore
NjokDa00,David Njoku
PerrBr02,Breshad Perriman
PeteNa00,Nathan Peterman
PettDa00,Dante Pettis
RobiWa01,Wan'Dale Robinson
RodgAm00,Amari Rodgers
RogeAr00,Armani Rogers
SermTr00,Trey Sermon
SmytDu00,Durham Smythe
ThomDe07,Deven Thompkins
WillDa05,Damien Williams
ZaccOl01,Olamide Zaccheaus
AlleKe00,Keenan Allen
AlleMa03,Marcus Allen
AngeBr00,Bryan Anger
BadiTy00,Tyler Badie
BellDa00,Daniel Bellinger
BellNi01,Nick Bellore
BrowDy00,Dyami Brown
BrowMa04,Marquise Brown
BryaHa00,Harrison Bryant
CabiJa00,Jason Cabinda
ChanSe00,Sean Chandler
DaniCh00,Chase Daniel
DardJa00,Jaelon Darden
DaviAs00,Ashtyn Davis
DiggSt00,Stefon Diggs
DoubRo00,Romeo Doubs
EverGe00,Gerald Everett
FarlMa00,Matthias Farley
FejeCl00,Clayton Fejedelem
FeltDe00,Demetric Felton
FranFe00,Feleipe Franks
GranKy00,Kylen Granson
GrayDa02,Danny Gray
GrayNo00,Noah Gray
HendPe01,Peyton Hendershot
HillKy00,Kylin Hill
HowaJo00,Jordan Howard
HuntRo01,Robert Hunt
IrwiTr00,Trenton Irwin
IsabAn00,Andy Isabella
LeavDa00,Dallin Leavitt
LoveJo03,Jordan Love
McMaRa00,Racey McMath
MillSc01,Scott Miller
MoonDa00,Darnell Mooney
PalmJo00,Josh Palmer
PascZa00,Zach Pascal
PeopDo00,Donovan Peoples-Jones
SkowBe00,Ben Skowronek
SmitJo01,Jonnu Smith
SmitKe03,Keith Smith
SmitIh00,Ihmir Smith-Marsette
StewM.00,M.J. Stewart
SuttCo00,Courtland Sutton
ThieAd00,Adam Thielen
ValdMa00,Marquez Valdes-Scantling
WillJa11,Jameson Williams
WilsCe01,Cedrick Wilson Jr.
WoodMi00,Michael Woods II
JeffJu00,Justin Jefferson
HillTy00,Tyreek Hill
KelcTr00,Travis Kelce
DiggSt00,Stefon Diggs
EkelAu00,Austin Ekeler
LambCe00,CeeDee Lamb
StxxAm00,Amon-Ra St. Brown
GodwCh00,Chris Godwin
AdamDa01,Davante Adams
PittMi01,Michael Pittman Jr.
SmitDe07,DeVonta Smith
MetcDK00,D.K. Metcalf
BrowAJ00,A.J. Brown
ChasJa00,Ja'Marr Chase
HockTJ00,T.J. Hockenson
JohnDi01,Diontae Johnson
McCaCh01,Christian McCaffrey
KirkCh01,Christian Kirk
LockTy00,Tyler Lockett
WilsGa00,Garrett Wilson
JoneZa00,Zay Jones
AiyuBr00,Brandon Aiyuk
CoopAm00,Amari Cooper
SmitJu00,JuJu Smith-Schuster
EvanMi00,Mike Evans
McLaTe00,Terry McLaurin
KuppCo00,Cooper Kupp
WaddJa00,Jaylen Waddle
HiggTe00,Tee Higgins
AndrMa00,Mark Andrews
EngrEv00,Evan Engram
FourLe00,Leonard Fournette
HigbTy00,Tyler Higbee
LondDr00,Drake London
OlavCh00,Chris Olave
PalmJo00,Josh Palmer
ThieAd00,Adam Thielen
StevRh00,Rhamondre Stevenson
BrowMa04,Marquise Brown
JeudJe00,Jerry Jeudy
MeyeJa01,Jakobi Meyers
AlleKe00,Keenan Allen
HopkDe00,DeAndre Hopkins
SamuCu00,Curtis Samuel
SuttCo00,Courtland Sutton
CampPa00,Parris Campbell
FreiPa00,Pat Freiermuth
MoorD.00,D.J. Moore
WillMi07,Mike Williams
PeopDo00,Donovan Peoples-Jones
KittGe00,George Kittle
LazaAl00,Allen Lazard
MixoJo00,Joe Mixon
OsboKJ00,K.J. Osborn
JoneAa00,Aaron Jones
BoydTy00,Tyler Boyd
ConkTy00,Tyler Conklin
EverGe00,Gerald Everett
NjokDa00,David Njoku
BarkSa00,Saquon Barkley
CookBr00,Brandin Cooks
HollMa00,Mack Hollins
JameRi00,Richie James
KamaAl00,Alvin Kamara
SchuDa00,Dalton Schultz
McKiJe00,Jerick McKinnon
SamuDe00,Deebo Samuel
GoedDa00,Dallas Goedert
JacoJo01,Josh Jacobs
TonyRo00,Robert Tonyan
WoodRo02,Robert Woods
DortGr01,Greg Dortch
HursHa00,Hayden Hurst
PickGe00,George Pickens
GageRu00,Russell Gage
FantNo00,Noah Fant
KmetCo00,Cole Kmet
WhitRa01,Rachaad White
DaviGa01,Gabriel Davis
KnoxDa00,Dawson Knox
MoorCh00,Chris Moore
RobiDe01,Demarcus Robinson
SwifDA00,D'Andre Swift
ErtzZa00,Zach Ertz
RaymKa00,Kalif Raymond
CartDe02,DeAndre Carter
ClayCh01,Chase Claypool
ConnJa00,James Conner
GibsAn00,Antonio Gibson
JoneMa02,Marvin Jones
SlayDa01,Darius Slayton
BrowNo00,Noah Brown
DoubRo00,Romeo Doubs
JohnJu02,Juwan Johnson
McKeIs00,Isaiah McKenzie
OttoCa00,Cade Otton
ValdMa00,Marquez Valdes-Scantling
CartMi03,Michael Carter
HarrNa00,Najee Harris
HenrHu00,Hunter Henry
HoopAu00,Austin Hooper
MoorRo02,Rondale Moore
PierAl00,Alec Pierce
WatsCh00,Christian Watson
MoonDa00,Darnell Mooney
ZaccOl01,Olamide Zaccheaus
CookDa01,Dalvin Cook
GallMi00,Michael Gallup
PollTo00,Tony Pollard
SkowBe00,Ben Skowronek
ThomLo00,Logan Thomas
PeriSa00,Samaje Perine
ReynJo00,Josh Reynolds
SingDe00,Devin Singletary
AkinJo00,Jordan Akins
BurkRe00,Rex Burkhead
CollNi00,Nico Collins
DuveDe00,Devin Duvernay
HodgIs00,Isaiah Hodgins
MoorEl00,Elijah Moore
LikeIs00,Isaiah Likely
RenfHu00,Hunter Renfrow
BourKe00,Kendrick Bourne
DotsJa00,Jahan Dotson
EtieTr00,Travis Etienne
HuntKa00,Kareem Hunt
JennJa00,Jauan Jennings
CobbRa00,Randall Cobb
DissWi00,Will Dissly
MontDa01,David Montgomery
BurkTr00,Treylon Burks
DulcGr00,Greg Dulcich
HenrDe00,Derrick Henry
MoreFo00,Foster Moreau
RobiAl02,Allen Robinson
WatkQu00,Quez Watkins
DaviCo03,Corey Davis
GesiMi00,Mike Gesicki
OkonCh00,Chigoziem Okonkwo
AghoNe00,Nelson Agholor
BryaHa00,Harrison Bryant
GranKy00,Kylen Granson
MostRa00,Raheem Mostert
ParkDe01,DeVante Parker
BellDa00,Daniel Bellinger
CharDJ00,DJ Chark
HineNy00,Nyheim Hines
JackDe02,Deon Jackson
PierDa01,Dameon Pierce
SherTr00,Trent Sherfield
McBrTr01,Trey McBride
DillAJ00,AJ Dillon
GrayNo00,Noah Gray
MarsTe00,Terrace Marshall Jr.
PittKy00,Kyle Pitts
ShahRa00,Rashid Shaheed
TaylJo02,Jonathan Taylor
WallDa01,Darren Waller
WarrJa01,Jaylen Warren
ChubNi00,Nick Chubb
GoodMa00,Marquise Goodwin
McKiJ.00,J.D. McKissic
MurrLa00,Latavius Murray
ShenLa00,Laviska Shenault Jr.
SmitJo01,Jonnu Smith
WalkKe00,Kenneth Walker III
AbduAm00,Ameer Abdullah
BenjEn00,Eno Benjamin
GordMe00,Melvin Gordon
HardMe00,Mecole Hardman
LandJa00,Jarvis Landry
ParkCo02,Colby Parkinson
SmitIr01,Irv Smith Jr.
WestNi00,Nick Westbrook-Ikhine
WoodJe01,Jelani Woods
BellDa02,David Bell
GreeA.00,A.J. Green
HintKe00,Kendall Hinton
JeffVa00,Van Jefferson
JoneJu02,Julio Jones
PoweBr00,Brandon Powell
AgneJa00,Jamal Agnew
GainKe00,Kenneth Gainwell
MillSc01,Scott Miller
RobiWa01,Wan'Dale Robinson
MoorSk01,Skyy Moore
SmitSh03,Shi Smith
ThorTy00,Tyquan Thornton
WilsJe01,Jeff Wilson
CookJa01,James Cook
HillDo00,Dontrell Hilliard
PattCo00,Cordarrelle Patterson
St.BEq00,Equanimeous St. Brown
ThomIa00,Ian Thomas
UzomC.00,C.J. Uzomah
AndeRo04,Chosen Anderson
BratCa00,Cameron Brate
BreiMa00,Matt Breida
DorsPh00,Phillip Dorsett
HastJa02,Jamycal Hasty
OgunDa00,Dare Ogunbowale
SandMi01,Miles Sanders
AlieMo00,Mo Alie-Cox
FergJa00,Jake Ferguson
GentZa00,Zach Gentry
HallBr03,Breece Hall
JuszKy00,Kyle Juszczyk
MundJo00,Johnny Mundt
PettDa00,Dante Pettis
SmitTr03,Tre'Quan Smith
TremTo00,Tommy Tremble
AtweTu00,Tutu Atwell
BerrBr00,Braxton Berrios
TrauAd00,Adam Trautman
WrigBr01,Brock Wright
DallDe00,DeeJay Dallas
DrakKe00,Kenyan Drake
EdwaCl00,Clyde Edwards-Helaire
ElliEz00,Ezekiel Elliott
HarrDa06,Damien Harris
HendDa00,Darrell Henderson
WilcMi01,Mitchell Wilcox
AllgTy00,Tyler Allgeier
CallMa01,Marquez Callaway
EdmoCh00,Chase Edmonds
HomeTr00,Travis Homer
IngrMa01,Mark Ingram
PruiMy00,MyCole Pruitt
RodgAm00,Amari Rodgers
ThomMi05,Michael Thomas
ToneKa00,Kadarius Toney
WatkSa00,Sammy Watkins
WillJa10,Javonte Williams
BateRa00,Rashod Bateman
DuliAs00,Ashton Dulin
IngoAl01,Alec Ingold
IrwiTr00,Trenton Irwin
MattAl01,Alexander Mattison
PascZa00,Zach Pascal
SaubEr00,Eric Saubert
SmytDu00,Durham Smythe
WatsJu01,Justin Watson
BateJo00,John Bates
HubbCh01,Chuba Hubbard
JordBr00,Brevin Jordan
KellJo01,Joshua Kelley
McClRa00,Ray-Ray McCloud
OlivJo00,Josh Oliver
SimsSt00,Steven Sims
AkerCa00,Cam Akers
ByrdDa00,Damiere Byrd
CageLa01,Lawrence Cager
DeguJo00,Josiah Deguara
HodgKh00,KhaDarel Hodge
KnigZo00,Zonovan Knight
PachIs00,Isiah Pacheco
ShepSt00,Sterling Shepard
WillAv02,Avery Williams
BrowPh01,Pharaoh Brown
HeywCo00,Connor Heyward
HillJu00,Justice Hill
JackJu01,Justin Jackson
JohnTy02,Ty Johnson
SwaiGe00,Geoff Swaim
WillJa06,Jamaal Williams
WilsCe01,Cedrick Wilson Jr.
HaskHa00,Hassan Haskins
HendPe01,Peyton Hendershot
MimsDe00,Denzel Mims
MitcJa00,James Mitchell
MossZa00,Zack Moss
RicaPa00,Patrick Ricard
RobiJa00,James Robinson
SillDa01,David Sills
StolJa00,Jack Stoll
ZylsSh00,Shane Zylstra
BandMi00,Michael Bandy
BlacRa00,Raheem Blackshear
ColeKe00,Keelan Cole
HamxC.00,C.J. Ham
HowaO.00,O.J. Howard
HudsTa00,Tanner Hudson
McKiTr00,Tre' McKitty
OkwuAl00,Albert Okwuegbunam
ParhDo00,Donald Parham
PrinBy00,Byron Pringle
ShakKh00,Khalil Shakir
ArnoDa00,Dan Arnold
BoldBr00,Brandon Bolden
BoonMi00,Mike Boone
CracRi00,River Cracraft
FirkAn00,Anthony Firkser
FortJo01,Jody Fortson
HerbKh00,Khalil Herbert
HessPa00,Parker Hesse
HillTa00,Taysom Hill
JackDe00,DeSean Jackson
JohnMa07,Marcus Johnson
MichSo00,Sony Michel
NailJa00,Jalen Nailor
PerrBr02,Breshad Perriman
ReynCr00,Craig Reynolds
RobiBr01,Brian Robinson Jr.
TomlEr01,Eric Tomlinson
WillKy02,Kyren Williams
GillRe00,Reggie Gilliam
KennTo01,Tom Kennedy
MackMa00,Marlon Mack
MorrQu00,Quintin Morris
PhilKy01,Kyle Philips
ProcJa00,James Proche
ReagJa00,Jalen Reagor
RiccGi00,Giovanni Ricci
SimsCa00,Cam Sims
SmitJe03,Jeff Smith
BaccAn00,Andre Baccellia
DobbJK00,J.K. Dobbins
EskrDW00,D'Wayne Eskridge
HamlKJ00,KJ Hamler
HarrNK00,N'Keal Harry
HiltT.00,T.Y. Hilton
HopkBr01,Brycen Hopkins
JoneVe00,Velus Jones Jr.
KiefKo00,Ko Kieft
MyarCh00,Chris Myarick
QuitTe00,Teagan Quitoriano
StroPi00,Pierre Strong
WillJo07,Jonathan Williams
BeasCo00,Cole Beasley
CrowJa00,Jamison Crowder
DaviMa02,Malik Davis
FreeRo00,Royce Freeman
GollKe00,Kenny Golladay
JohnBr23,Brandon Johnson
LewiMa00,Marcedes Lewis
LindPh00,Phillip Lindsay
ManhCh00,Chris Manhertz
MilnDa00,Dax Milne
TaylTr02,Trent Taylor
TreaLa00,Laquon Treadwell
VannNi00,Nick Vannett
WilkJo01,Jordan Wilkins
BeckAn01,Andrew Beck
BrigGa00,Gary Brightwell
BrowDy00,Dyami Brown
BrowMa03,Malcolm Brown
CalcGr00,Grant Calcaterra
ClemCo00,Corey Clement
ForeDO00,D'Onta Foreman
HairTr00,Troy Hairston
HorvZa00,Zander Horvath
JohnJa12,Jakob Johnson
JoneTo04,Tony Jones
OlszGu00,Gunner Olszewski
RiveRo01,Ronnie Rivers
RogeAr00,Armani Rogers
ScotBo02,Boston Scott
ThomDe07,Deven Thompkins
TourSa00,Samori Toure
WattDe00,Derek Watt
WoodMi00,Michael Woods II
ConlCh00,Chris Conley
DaviTy02,Tyler Davis
FarrLu00,Luke Farrell
GaskMy00,Myles Gaskin
GrifRy00,Ryan Griffin
IngrKe01,Keaontay Ingram
JohnDa08,David Johnson
JoneMa06,Marcus Jones
KolaCh00,Charlie Kolar
KrofTy00,Tyler Kroft
KumeJa00,Jake Kumerow
PennRa00,Rashaad Penny
SchwAn00,Anthony Schwartz
SmarSt00,Stone Smartt
SwaiFr00,Freddie Swain
WallTy00,Tylan Wallace
WashMo00,Montrell Washington
WillDa10,Darrel Williams
AndeSt01,Stephen Anderson
ChesJu00,Julius Chestnut
ColeTe01,Tevin Coleman
DwelRo00,Ross Dwelley
EdwaBr01,Bryan Edwards
ElleBe00,Ben Ellefson
EvanCh02,Chris Evans
FehoSi00,Simi Fehoko
HartPe01,Penny Hart
HollCo00,Cody Hollister
HorsJe00,Jesper Horsted
JohnDE04,D'Ernest Johnson
JoneTi00,Tim Jones
MitcEl00,Elijah Mitchell
MontTy01,Ty Montgomery
PrenAd00,Adam Prentice
RudoKy00,Kyle Rudolph
SpilIs00,Isaiah Spiller
StraMi03,Mike Strachan
VaugKe00,Ke'Shawn Vaughn
WillMa04,Maxx Williams
AsiaDe00,Devin Asiasi
BaldDa01,Daylen Baldwin
BellBl00,Blake Bell
BernGi00,Giovani Bernard
BlanKe01,Kendall Blanton
BoykMi00,Miles Boykin
BrowSp01,Spencer Brown
BurtMi00,Michael Burton
CephQu00,Quintez Cephus
ClevTy00,Tyrie Cleveland
CoopPh00,Pharoh Cooper
DardJa00,Jaelon Darden
DaviMi01,Mike Davis
EbneTr00,Trestan Ebner
FeltDe00,Demetric Felton
GuytJa01,Jalen Guyton
HarrDe07,Deonte Harty
HerbJu00,Justin Herbert
HousDe01,Dennis Houston
HumpLi01,Lil'Jordan Humphrey
HuntCa02,Caleb Huntley
IsabAn00,Andy Isabella
JohnCa03,Cade Johnson
KirkKe00,Keith Kirkwood
McFaAn00,Anthony McFarland Jr.
McKeSe01,Sean McKeon
McMaRa00,Racey McMath
NwanKe00,Kene Nwangwu
PatmDe00,Dezmon Patmon
RounLa00,Larry Rountree
SampDr00,Drew Sample
SandBr00,Braylon Sanders
SchrMa00,Mason Schreck
SnelBe00,Benny Snell Jr.
SullSt00,Stephen Sullivan
ThomMi04,Mike Thomas
TolbJa00,Jalen Tolbert
TramAu00,Austin Trammell
TurnCo00,Cole Turner
VirgJa00,Jalen Virgil
WardJo00,Jonathan Ward
WebsNs00,Nsimba Webster
WescTr00,Trevon Wesco
WhitKe00,Kevin White
WillTr06,Trayveon Williams
YounDa02,Dareke Young
AhmeSa01,Salvon Ahmed
AlexMa02,Maurice Alexander
BadiTy00,Tyler Badie
BoarC.00,C.J. Board
BrowJo02,John Brown
CabiJa00,Jason Cabinda
CampJa03,Jalen Camp
CoutKe00,Keke Coutee
DarbFr00,Frank Darby
DrisJe00,Jeff Driskel
EvanDa02,Darrynton Evans
EzukEr00,Erik Ezukanma
GervJa00,Jake Gervase
GoffJa00,Jared Goff
GrayDa02,Danny Gray
GrugKa00,Kamu Grugier-Hill
HarrJa03,Jacob Harris
IgweGo00,Godwin Igwebuike
JohnTy03,Tyron Johnson
JoneRo01,Ronald Jones II
KinsMa00,Mason Kinsey
MabrTy00,Tyler Mabry
MahoPa00,Patrick Mahomes
MoorJa02,Jason Moore
OzigDe01,Devine Ozigbo
RodgRi00,Richard Rodgers
RuckJe00,Jeremy Ruckert
SewePe00,Penei Sewell
SmitKe03,Keith Smith
SmitIh00,Ihmir Smith-Marsette
SweeTo00,Tommy Sweeney
TaylJJ01,J.J. Taylor
TaylPa01,Patrick Taylor
TurpKa00,KaVontae Turpin
WashDw00,Dwayne Washington
WhitCo05,Cody White
WillJa11,Jameson Williams
WillTy01,Ty'Son Williams
WilsRu00,Russell Wilson
WilsZa00,Zach Wilson
WinfJu00,Juwann Winfree
ZappBa00,Bailey Zappe
AlixJo00,Josh Ali
BakhDa00,David Bakhtiari
BlasKh00,Khari Blasingame
BradTo00,Tom Brady
ConkJa00,Jack Conklin
ConnTa00,Tanner Conner
DaviTy03,Tyrion Davis-Price
EdwaGu00,Gus Edwards
ForrMi00,Miller Forristall
FranFe00,Feleipe Franks
GentTa00,Tanner Gentry
GordJo02,Josh Gordon
McCuLa01,Lance McCutcheon
MorgSt02,Stanley Morgan Jr.
PattJa01,Jaret Patterson
TogiNo00,Noah Togiai
TongJa00,Jake Tonges
TurnDJ00,DJ Turner
WashJa00,James Washington
WoerCh00,Charlie Woerner
